-0.001583745,0,0,28.61,-80.6,0,0,0
-0.001538578,0,0,28.61,-80.6,0,0,0
-0.00149341,0,0,28.61,-80.6,0,0,0
-0.001232301,0,0,28.61,-80.6,0,0,0
0.001026647,0,0,28.61,-80.6,0,0,0
0.006852628,0,0,28.61,-80.6,0,0,0
0.022970928,0,0,28.61,-80.6,0,0,0
0.054837016,0,0,28.61,-80.6,0,0,0
0.106562936,0,0,28.61,-80.6,0,0,0
0.180324334,0,0,28.61,-80.6,0,0,0
0.277664753,0,0,28.61,-80.6,0,0,0
0.400129025,0,0,28.61,-80.6,0,0,0
0.549144021,0,0,28.61,-80.6,0,0,0
0.725303513,0,0,28.61,-80.6,0,0,0
0.928367244,0,0,28.61,-80.6,0,0,0
1.157979743,0,0,28.61,-80.6,0,0,0
1.413859399,0,0,28.61,-80.6,0,0,0
1.695818182,0,0,28.61,-80.6,0,0,0
2.003691985,0,0,28.61,-80.6,0,0,0
2.337316519,0,0,28.61,-80.6,0,0,0
2.696577579,0,0,28.61,-80.6,0,0,0
3.081461367,0,0,28.61,-80.6,0,0,0
3.492004336,0,0,28.61,-80.6,0,0,0
3.928242936,0,0,28.61,-80.6,0,0,0
4.390213615,0,0,28.61,-80.6,0,0,0
4.877952815,0,0,28.61,-80.6,0,0,0
5.391496967,0,0,28.61,-80.6,0,0,0
5.930882502,0,0,28.61,-80.6,0,0,0
6.496145842,0,0,28.61,-80.6,0,0,0
7.087323407,0,0,28.61,-80.6,0,0,0
7.704451623,0,0,28.61,-80.6,0,0,0
8.347566953,0,0,28.61,-80.6,0,0,0
9.01670587,0,0,28.61,-80.6,0,0,0
9.711904842,0,0,28.61,-80.6,0,0,0
10.43320033,0,0,28.61,-80.6,0,0,0
11.18062881,0,0,28.61,-80.6,0,0,0
11.9542267,0,0,28.61,-80.6,0,0,0
12.75403044,0,0,28.61,-80.6,0,0,0
13.58007646,0,0,28.61,-80.6,0,0,0
14.43240118,0,0,28.61,-80.6,0,0,0
15.31104103,0,0,28.61,-80.6,0,0,0
16.21603215,0,0,28.61,-80.6,0,0,0
17.62299439,-7.30E-05,0,28.61,-80.6,0,1.34E-04,3.28E-08
19.84491913,-4.55E-04,0,28.61,-80.6,0,3.43E-04,8.82E-08
23.42916379,-0.001663191,0,28.61,-80.60000001,0,6.96E-04,-9.75E-08
29.29530906,-0.004950318,-2.02E-08,28.61,-80.60000002,0,0.00130488,-1.20E-07
35.82805633,-0.010005273,-3.23E-08,28.61,-80.60000003,0,0.001995022,-3.06E-07
43.03027585,-0.016611294,-1.57E-08,28.61,-80.60000005,0,0.002766657,-1.59E-07
50.90483034,-0.024388419,8.46E-08,28.61,-80.60000008,0,0.003619211,1.30E-07
59.45461353,-0.032677337,3.08E-07,28.61,-80.6000001,0,0.004518862,-1.03E-07
68.68255411,-0.040541391,6.88E-07,28.61,-80.60000013,0,0.005438232,3.44E-07
78.59157039,-0.0466251,1.23E-06,28.61,-80.60000015,0,0.006311102,0
89.18455812,-0.04940058,1.95E-06,28.61,-80.60000015,0,0.007184866,-2.41E-07
100.4643893,-0.04704267,2.82E-06,28.61,-80.60000015,0,0.007977004,2.44E-07
112.4337697,-0.037466377,3.76E-06,28.61,-80.60000012,0,0.008686012,1.66E-06
125.0946317,-0.018299388,4.63E-06,28.61,-80.60000006,0,0.009269595,2.27E-06
138.4481978,0.012851055,5.19E-06,28.61,-80.59999996,0,0.00979829,2.96E-06
152.495578,0.058715273,5.19E-06,28.61,-80.59999982,0,0.010064964,9.82E-06
167.2378344,0.122422305,4.27E-06,28.61,-80.59999962,0,-0.010001958,7.21E-06
182.6759628,0.207167576,2.05E-06,28.61,-80.59999935,0,-0.009619027,3.97E-06
198.8108586,0.316169472,-1.79E-06,28.61,-80.59999901,-5.28E-09,-0.008873797,3.49E-06
215.6433436,0.452516437,-7.42E-06,28.61,-80.59999859,0,-0.007770755,4.35E-07
233.174199,0.61916583,-1.47E-05,28.61,-80.59999807,0,-0.00632982,1.52E-06
251.404198,0.818242999,-2.36E-05,28.61,-80.59999745,0,-0.004839021,2.56E-06
270.3340932,1.05142121,-3.39E-05,28.61,-80.59999672,0,-0.003165019,-2.62E-07
289.9645403,1.319902892,-4.53E-05,28.61,-80.59999588,0,-0.001478194,-1.05E-07
310.2958657,1.624080392,-5.76E-05,28.61,-80.59999493,0,9.01E-05,1.92E-06
331.3281113,1.963938986,-7.07E-05,28.61,-80.59999387,0,0.001641237,-9.54E-07
353.0612791,2.339074898,-8.37E-05,28.61,-80.5999927,0,0.003053578,4.33E-07
375.4953621,2.748318803,-9.63E-05,28.61,-80.59999142,0,0.004134484,9.09E-07
398.6303217,3.190192116,-1.08E-04,28.61,-80.59999004,0,0.005040569,2.30E-06
422.4660718,3.663243005,-1.18E-04,28.61,-80.59998856,0,0.005785041,5.59E-06
447.0024988,4.165459033,-1.26E-04,28.61,-80.59998699,0,0.006101835,2.22E-05
472.2393148,4.694473355,-1.30E-04,28.61,-80.59998534,0,-0.005918624,5.98E-06
498.1757995,5.247263648,-1.28E-04,28.61,-80.59998362,0,-0.00481929,1.15E-06
524.8109091,5.820773893,-1.20E-04,28.61,-80.59998183,0,-0.003040399,4.81E-07
552.143505,6.413028189,-1.06E-04,28.61,-80.59997998,0,-9.92E-04,-1.48E-07
580.1723648,7.023123758,-8.62E-05,28.61,-80.59997807,0,0.001191782,-3.40E-06
608.8961892,7.650965149,-6.08E-05,28.61,-80.59997611,0,0.003299047,3.46E-07
638.3135507,8.297837407,-3.07E-05,28.61,-80.59997409,0,0.004861783,9.39E-06
668.4227929,8.965701179,2.43E-06,28.61,-80.59997201,0,0.005895612,9.32E-06
699.2220525,9.657343409,3.59E-05,28.61,-80.59996985,0,-0.005951021,1.08E-05
730.7093659,10.3761752,6.64E-05,28.61,-80.5999676,-5.45E-09,-0.004943619,8.09E-06
762.8825816,11.12531255,9.00E-05,28.61,-80.59996526,0,-0.003080812,6.23E-06
795.7380504,11.90695984,1.05E-04,28.61,-80.59996282,0,-7.34E-04,6.58E-06
829.2704065,12.72168658,1.10E-04,28.61,-80.59996028,0,0.00160661,3.29E-06
863.4738854,13.56895713,1.09E-04,28.61,-80.59995763,-5.42E-09,0.003678531,-5.30E-06
898.3427072,14.44650508,1.03E-04,28.61,-80.59995489,-5.68E-09,0.004662586,-6.56E-07
933.8707624,15.35108732,9.80E-05,28.61,-80.59995207,0,-0.004619457,-4.47E-06
970.0513452,16.27956283,9.62E-05,28.61,-80.59994917,1.02E-08,-0.00376329,-1.18E-05
1006.877434,17.2295531,1.00E-04,28.61,-80.5999462,0,-0.002271126,-7.49E-06
1044.341912,18.19856291,1.14E-04,28.61,-80.59994318,0,1.37E-04,1.78E-07
1082.437527,19.18570943,1.42E-04,28.61,-80.59994009,0,0.002058365,-4.15E-06
1121.156857,20.19265882,1.86E-04,28.61,-80.59993695,0,0.002881754,-2.67E-05
1160.492379,21.22122748,2.48E-04,28.61,-80.59993374,-6.32E-09,0,0
1200.436452,22.2728438,3.23E-04,28.61,-80.59993046,0,-0.002842153,-2.45E-05
1240.981202,23.34896897,4.05E-04,28.61,-80.5999271,0,-0.001947993,2.53E-06
1282.118575,24.45032507,4.91E-04,28.61,-80.59992366,-6.07E-09,-0.001037714,1.57E-05
1323.840439,25.57668719,5.79E-04,28.61,-80.59992014,0,-3.12E-04,1.05E-05
1366.13855,26.7280055,6.69E-04,28.61,-80.59991655,0,8.64E-04,7.69E-06
1409.00453,27.90491272,7.68E-04,28.61,-80.59991287,0,0.002423445,6.01E-07
1452.429896,29.10582029,8.79E-04,28.61,-80.59990912,0,-0.002670518,5.40E-06
1496.405554,30.32753283,0.001001772,28.61,-80.59990531,-8.86E-09,-0.001526606,2.15E-05
1540.921711,31.5669326,0.001137275,28.61,-80.59990144,0,8.82E-04,-2.62E-06
1585.968309,32.82229727,0.001281213,28.61,-80.59989752,-1.04E-08,0.003443,-2.34E-06
1631.535053,34.09497785,0.001428709,28.61,-80.59989354,5.73E-09,0.004462548,3.95E-04
1677.611431,35.38840979,0.001574256,28.61,-80.5998895,0,-0.003709907,1.29E-05
1724.186759,36.70535063,0.001708368,28.61,-80.59988539,7.82E-09,-0.001920439,2.73E-07
1771.250032,38.04711994,0.001831124,28.61,-80.5998812,0,2.87E-04,-3.30E-06
1818.789946,39.41320024,0.001949316,28.61000001,-80.59987694,0,0.002040836,7.67E-06
1866.795033,40.80189738,0.002073713,28.61000001,-80.5998726,0,0.002926385,2.39E-04
1915.253678,42.21022682,0.002216167,28.61000001,-80.5998682,0,-0.002334652,2.01E-05
1964.154322,43.6353249,0.002380438,28.61000001,-80.59986375,5.56E-09,-7.91E-04,-9.53E-06
2013.486458,45.07556211,0.002565399,28.61000001,-80.59985926,0,0.001083353,7.74E-06
2063.238809,46.53067509,0.002770389,28.61000001,-80.59985471,1.32E-08,0.00248947,-4.45E-06
2113.391574,48.00165322,0.002990759,28.61000001,-80.59985012,0,-0.002754999,2.11E-05
2163.914215,49.48955651,0.003214925,28.61000001,-80.59984547,0,-0.002001101,2.40E-06
2214.763794,50.9945023,0.003436282,28.61000001,-80.59984078,0,-4.80E-04,2.32E-05
2265.881767,52.51509776,0.003654908,28.61000001,-80.59983603,0,0.001100663,1.82E-05
2317.196169,54.04773049,0.00387714,28.61000001,-80.59983124,5.05E-09,0.001760227,1.56E-05
2368.628654,55.5878677,0.004109562,28.61000001,-80.59982643,0,-0.001526678,4.98E-07
2420.097445,57.13090623,0.004361882,28.61000001,-80.59982162,0,-5.56E-04,-1.07E-05
2471.516475,58.67315586,0.004634328,28.61000001,-80.5998168,0,4.43E-04,-7.72E-06
2522.808194,60.21220065,0.004923999,28.61000001,-80.59981199,0,-6.79E-04,3.77E-06
2573.919886,61.74809858,0.005224986,28.61000001,-80.5998072,0,4.92E-04,1.01E-05
2602.198069,62.5991611,0.005394132,28.61000001,-80.59980454,0,0.001062454,-2.95E-06
2644.48709,63.87310914,0.005648167,28.61000002,-80.59980056,-5.95E-09,-0.001228095,-3.30E-05
2695.079571,65.39809227,0.005951569,28.61000002,-80.5997958,-7.85E-09,-9.23E-04,7.61E-06
2745.449282,66.91643691,0.006252609,28.61000002,-80.59979106,-6.91E-09,1.99E-04,3.77E-06
2795.597394,68.42740203,0.006550962,28.61000002,-80.59978634,0,0.001439893,-3.37E-06
2845.525019,69.93163348,0.006851413,28.61000002,-80.59978165,-1.02E-08,-0.00168782,1.70E-05
2895.233256,71.43081317,0.007162041,28.61000002,-80.59977697,-7.53E-09,-9.62E-04,-4.03E-06
2944.724098,72.92607472,0.007487634,28.61000002,-80.5997723,0,6.48E-05,-1.39E-05
2994.000294,74.41741035,0.00782218,28.61000002,-80.59976764,-5.53E-09,7.71E-04,-2.93E-05
3043.06448,75.90432829,0.008153391,28.61000002,-80.599763,0,0.001212113,-1.95E-04
3091.919182,77.38617201,0.008468794,28.61000002,-80.59975837,-6.98E-09,-8.03E-04,-2.64E-05
3140.566818,78.86211856,0.008769661,28.61000002,-80.59975376,-6.53E-09,-1.82E-04,-1.02E-05
3189.009683,80.33206562,0.009065871,28.61000002,-80.59974917,-7.43E-09,5.74E-04,-3.60E-05
3237.249959,81.7964311,0.009370479,28.61000003,-80.5997446,0,7.26E-04,-1.26E-04
3285.289739,83.25580853,0.009695154,28.61000003,-80.59974004,-8.60E-09,0.001016742,-7.21E-05
3333.131045,84.71029035,0.010042089,28.61000003,-80.5997355,-6.31E-09,-9.05E-04,-4.72E-05
3380.775811,86.16034914,0.010406974,28.61000003,-80.59973097,0,-7.65E-04,-3.45E-05
3428.225898,87.60648122,0.010777595,28.61000003,-80.59972646,0,3.27E-05,-3.84E-05
3475.483119,89.04889936,0.011137354,28.61000003,-80.59972196,-5.93E-09,-1.26E-04,-8.76E-06
3522.54927,90.48647616,0.011473985,28.61000003,-80.59971747,0,3.75E-04,-9.74E-06
3569.42607,91.91877635,0.011792005,28.61000003,-80.59971299,-5.22E-09,7.28E-04,-3.93E-06
3616.115146,93.34647812,0.012109088,28.61000003,-80.59970854,0,-5.69E-04,1.94E-06
3662.618063,94.77071876,0.012444081,28.61000003,-80.59970409,-6.22E-09,3.98E-04,1.92E-05
3708.936356,96.19217279,0.012806812,28.61000003,-80.59969965,0,0.001125496,2.19E-05
3755.071567,97.61009176,0.013193121,28.61000004,-80.59969522,0,-0.001208754,3.40E-05
3801.025203,99.02350623,0.013587028,28.61000004,-80.59969081,0,-6.91E-04,3.51E-06
3846.79871,100.4320687,0.013973496,28.61000004,-80.59968641,-6.65E-09,-3.34E-04,9.83E-06
3892.393479,101.8359374,0.014342835,28.61000004,-80.59968203,-5.70E-09,3.11E-04,5.53E-06
3937.810877,103.2348629,0.014693188,28.61000004,-80.59967766,0,9.32E-04,1.47E-05
3983.052212,104.6292659,0.015032569,28.61000004,-80.59967331,0,-0.001026594,1.79E-05
4028.118749,106.0199157,0.015375789,28.61000004,-80.59966897,-8.91E-09,-8.83E-04,1.46E-06
4073.011741,107.4070028,0.015738258,28.61000004,-80.59966463,-5.64E-09,-7.33E-04,-1.34E-04
4117.73242,108.7904482,0.016132788,28.61000004,-80.59966032,-7.72E-09,-6.12E-04,-4.46E-05
4162.281974,110.1706293,0.016559496,28.61000004,-80.59965601,-7.16E-09,1.17E-05,-1.56E-05
4206.661558,111.5482119,0.017009432,28.61000005,-80.5996517,-8.65E-09,7.77E-04,-1.53E-05
4250.872319,112.9233335,0.017469635,28.61000005,-80.59964741,-1.01E-08,0.001510224,-4.62E-05
4294.915413,114.2951951,0.01792581,28.61000005,-80.59964313,-5.35E-09,-0.001094341,-1.53E-05
4338.792,115.6621757,0.018368911,28.61000005,-80.59963886,-6.06E-09,3.33E-05,-1.01E-05
4382.503174,117.0237778,0.018798495,28.61000005,-80.59963461,-5.96E-09,0.001081129,8.56E-06
4426.049966,118.3807554,0.019219877,28.61000005,-80.59963037,-7.98E-09,0.001447097,2.22E-05
4469.433377,119.7340751,0.019642489,28.61000005,-80.59962615,0,-0.001462435,-4.48E-05
4512.654398,121.0842775,0.020078352,28.61000005,-80.59962193,-9.10E-09,-0.001062313,-6.56E-07
4555.714002,122.431901,0.020533729,28.61000006,-80.59961772,-5.37E-09,-4.28E-04,-1.69E-05
4598.613161,123.7770213,0.021009197,28.61000006,-80.59961352,-6.15E-09,-3.00E-06,-3.33E-06
4641.352844,125.1192692,0.021498636,28.61000006,-80.59960933,-6.08E-09,2.45E-04,-4.96E-06
4683.933999,126.4584113,0.021995884,28.61000006,-80.59960515,-5.92E-09,-3.40E-04,-7.01E-06
4726.357558,127.7941822,0.022495906,28.61000006,-80.59960098,-6.61E-09,-1.46E-04,1.34E-05
4768.624431,129.1264191,0.022997322,28.61000006,-80.59959682,-6.20E-09,-5.57E-05,1.51E-06
4810.735507,130.4551386,0.023501499,28.61000006,-80.59959267,-6.11E-09,2.41E-04,-1.30E-05
4852.69166,131.7803355,0.024010971,28.61000007,-80.59958853,-6.18E-09,3.02E-04,-3.30E-05
4894.49374,133.1021976,0.024529419,28.61000007,-80.5995844,-5.85E-09,5.29E-04,-1.01E-05
4936.142593,134.4206231,0.02505809,28.61000007,-80.59958029,-5.44E-09,-6.25E-04,-1.24E-04
4977.63903,135.7359889,0.025594778,28.61000007,-80.59957618,-5.80E-09,-4.27E-04,-2.38E-06
5018.983849,137.048629,0.026137838,28.61000007,-80.59957208,-6.58E-09,-2.53E-04,5.51E-06
5060.177847,138.3584368,0.026685796,28.61000007,-80.59956799,-5.80E-09,-1.36E-04,-9.20E-06
5101.221812,139.6653054,0.027238114,28.61000007,-80.59956391,-5.78E-09,8.37E-05,3.05E-05
5142.116518,140.9691151,0.027791812,28.61000008,-80.59955984,-5.90E-09,2.07E-04,9.21E-06
5182.862727,142.2697569,0.028343826,28.61000008,-80.59955578,-5.74E-09,2.72E-04,1.34E-05
5223.46118,143.567305,0.02889314,28.61000008,-80.59955173,-5.16E-09,3.75E-04,2.94E-06
5263.912617,144.8616161,0.029441073,28.61000008,-80.59954769,-6.59E-09,6.67E-04,-8.73E-06
5304.21777,146.152426,0.029990117,28.61000008,-80.59954366,-7.25E-09,0.001071021,-9.64E-06
5344.377343,147.4398487,0.030544405,28.61000008,-80.59953964,0,-0.00117161,-5.39E-05
5384.392013,148.7245329,0.031110435,28.61000008,-80.59953563,-6.57E-09,-8.89E-04,-4.05E-06
5424.26245,150.0069642,0.031694104,28.61000009,-80.59953162,-6.01E-09,-4.57E-04,-7.24E-06
5463.989335,151.2871148,0.03229889,28.61000009,-80.59952762,-5.58E-09,-2.00E-04,-2.57E-05
5503.57335,152.5646319,0.032924179,28.61000009,-80.59952364,-5.98E-09,1.58E-04,-1.68E-05
5543.015167,153.839236,0.033565375,28.61000009,-80.59951966,-5.99E-09,2.87E-04,1.33E-05
5582.315448,155.1105879,0.034214913,28.61000009,-80.59951569,-5.27E-09,7.23E-04,3.20E-05
5621.474841,156.3785296,0.034863903,28.61000009,-80.59951173,0,9.22E-04,1.83E-04
5660.493954,157.6436476,0.035503991,28.6100001,-80.59950778,-5.90E-09,-7.48E-04,2.84E-05
5699.373398,158.9062893,0.036130329,28.6100001,-80.59950383,-6.90E-09,-7.01E-04,1.58E-04
5738.11379,160.1663646,0.03674435,28.6100001,-80.5994999,-6.72E-09,-4.56E-04,3.60E-05
5776.715725,161.4241153,0.037352755,28.6100001,-80.59949597,-6.52E-09,-2.61E-04,2.64E-05
5815.179814,162.6792685,0.037964315,28.6100001,-80.59949205,-5.92E-09,3.67E-04,-2.55E-05
5853.506654,163.9315834,0.038586808,28.6100001,-80.59948814,-6.66E-09,-3.33E-04,-2.30E-05
5891.696818,165.1813075,0.039224007,28.61000011,-80.59948424,-6.68E-09,-2.79E-04,-2.47E-05
5929.750879,166.4284805,0.039876969,28.61000011,-80.59948035,-6.49E-09,-2.16E-04,-2.76E-05
5967.669405,167.6731113,0.040545101,28.61000011,-80.59947646,-6.50E-09,-1.69E-04,-3.00E-05
6005.452954,168.9151624,0.041225917,28.61000011,-80.59947258,-6.22E-09,1.92E-04,2.13E-06
6043.102082,170.1545749,0.041914769,28.61000011,-80.59946871,-6.48E-09,-1.88E-04,-3.62E-06
6080.617327,171.3915435,0.042605899,28.61000012,-80.59946485,-6.39E-09,3.75E-06,-1.67E-05
6117.999206,172.6265936,0.043294571,28.61000012,-80.59946099,-6.45E-09,6.18E-04,-1.93E-05
6155.248235,173.8601392,0.043976825,28.61000012,-80.59945714,0,0.001138694,-1.70E-05
6192.364955,175.0918117,0.044651342,28.61000012,-80.5994533,0,0.001305423,-1.62E-04
6229.349904,176.3211722,0.045320398,28.61000012,-80.59944946,-5.80E-09,-0.001334548,-1.68E-04
6266.2036,177.54808,0.045988298,28.61000012,-80.59944563,0,-0.001256986,-2.25E-05
6302.926569,178.7720891,0.046659905,28.61000013,-80.59944181,-5.61E-09,-5.99E-04,-1.84E-05
6339.519337,179.9924265,0.047341136,28.61000013,-80.599438,-7.61E-09,3.45E-04,-1.20E-05
6375.982406,181.2088946,0.048035914,28.61000013,-80.5994342,-7.89E-09,0.001248746,-2.46E-05
6412.31624,182.4220908,0.048745321,28.61000013,-80.59943041,-6.55E-09,0.00114524,-9.51E-04
6448.521283,183.6328984,0.049468437,28.61000013,-80.59942663,-8.18E-09,-0.001472755,-1.03E-04
6484.598004,184.8415054,0.050202571,28.61000014,-80.59942286,-6.24E-09,-0.001452077,-2.98E-05
6520.546855,186.0482443,0.050944753,28.61000014,-80.59941909,-5.42E-09,-8.84E-04,-6.22E-06
6556.368267,187.2539093,0.051692584,28.61000014,-80.59941532,-5.92E-09,-2.71E-05,2.48E-06
6592.062695,188.4586155,0.052444159,28.61000014,-80.59941156,-5.74E-09,6.11E-04,-1.05E-05
6627.630608,189.6618737,0.053198352,28.61000014,-80.5994078,-5.40E-09,9.54E-04,-1.52E-05
6663.072469,190.8633286,0.053953661,28.61000015,-80.59940405,0,0.001160704,-2.13E-05
6698.388728,192.0627253,0.054709155,28.61000015,-80.59940031,-7.89E-09,-0.001072373,-1.30E-06
6733.579835,193.2597107,0.055465464,28.61000015,-80.59939657,-6.74E-09,-8.56E-04,-5.27E-06
6768.646232,194.4540169,0.056224352,28.61000015,-80.59939284,-6.91E-09,-3.74E-04,2.11E-06
6803.588357,195.6452989,0.056988044,28.61000015,-80.59938912,-5.50E-09,2.63E-04,-4.91E-07
6838.406637,196.8334112,0.057757972,28.61000016,-80.59938541,-6.09E-09,9.56E-04,-1.50E-05
6873.101482,198.0184351,0.058535415,28.61000016,-80.59938171,-7.82E-09,0.001487887,-1.51E-05
6907.673292,199.2006517,0.059321492,28.61000016,-80.59937802,-7.41E-09,0.001872033,-1.42E-05
6942.122462,200.3802984,0.060116021,28.61000016,-80.59937434,0,0.002118541,-3.27E-05
6976.449384,201.5575938,0.060917983,28.61000017,-80.59937066,0,0.002216298,-9.70E-05
7010.654443,202.732752,0.061725308,28.61000017,-80.59936699,-6.35E-09,-0.002206286,-4.50E-06
7044.738011,203.9062534,0.062535791,28.61000017,-80.59936333,0,-0.001631278,-8.97E-06
7078.70045,205.0786654,0.063347636,28.61000017,-80.59935967,-5.51E-09,-0.00110118,5.14E-07
7112.54215,206.2498373,0.064159312,28.61000017,-80.59935601,-6.56E-09,-6.06E-04,7.44E-06
7146.263484,207.4198936,0.064970008,28.61000018,-80.59935236,-5.85E-09,1.44E-04,7.27E-06
7179.864813,208.5892391,0.065780682,28.61000018,-80.59934871,-5.51E-09,0.001007112,7.12E-07
7213.346509,209.7579139,0.06659247,28.61000018,-80.59934506,-9.60E-09,0.001744941,-4.48E-06
7246.708964,210.9254276,0.06740642,28.61000018,-80.59934141,-7.82E-09,-0.001976947,4.49E-06
7279.952584,212.090874,0.068223372,28.61000019,-80.59933777,0,-0.001624713,-7.12E-06
7313.077772,213.253233,0.069044536,28.61000019,-80.59933414,0,-5.82E-04,-6.12E-06
7346.084911,214.4119246,0.069871096,28.61000019,-80.59933053,0,3.61E-04,-1.01E-05
7378.974333,215.5674663,0.070703508,28.61000019,-80.59932692,0,8.95E-04,-9.73E-06
7411.746361,216.7205595,0.071542346,28.61000019,-80.59932332,0,0.001114484,-3.16E-05
7444.401321,217.8716315,0.072388018,28.6100002,-80.59931972,0,0.001113726,-1.36E-04
7476.939556,219.0207274,0.07324094,28.6100002,-80.59931613,-6.70E-09,0.001317814,-1.52E-05
7509.361405,220.1677693,0.074100971,28.6100002,-80.59931255,-6.15E-09,-0.001274163,-1.20E-05
7541.667182,221.3132682,0.0749675,28.6100002,-80.59930898,-6.56E-09,-9.24E-04,-1.37E-06
7573.857205,222.4575569,0.075839524,28.61000021,-80.5993054,-5.18E-09,-5.63E-04,-7.56E-06
7605.931793,223.6008241,0.076715398,28.61000021,-80.59930183,-5.23E-09,1.09E-04,-5.67E-06
7637.891262,224.7433132,0.077592866,28.61000021,-80.59929827,0,6.39E-04,-1.16E-05
7669.735949,225.8847195,0.078469463,28.61000021,-80.5992947,-5.58E-09,9.74E-04,-2.91E-05
7701.466192,227.0246558,0.079343064,28.61000022,-80.59929114,-7.13E-09,-9.76E-04,-3.46E-04
7733.082318,228.1628608,0.080212545,28.61000022,-80.59928759,-5.93E-09,-0.001022948,-3.02E-04
7764.584647,229.2992549,0.081077675,28.61000022,-80.59928404,-5.19E-09,-9.20E-04,-2.77E-05
7795.973498,230.4336217,0.081940031,28.61000022,-80.5992805,-5.87E-09,-7.03E-04,-1.53E-05
7827.249186,231.5657872,0.082802646,28.61000023,-80.59927696,-5.29E-09,-2.93E-04,-1.45E-05
7858.412026,232.6955027,0.083668899,28.61000023,-80.59927344,-5.70E-09,2.00E-04,-1.25E-05
7889.462318,233.8227847,0.084542051,28.61000023,-80.59926992,0,6.28E-04,-1.51E-05
7920.400357,234.9477263,0.085425024,28.61000023,-80.5992664,0,0.001063815,-1.54E-05
7951.226441,236.0702651,0.086319698,28.61000023,-80.5992629,0,0.001543517,-1.46E-05
7981.940856,237.190502,0.087225881,28.61000024,-80.5992594,-7.57E-09,0.001813206,-5.06E-05
8012.543872,238.3089144,0.088141458,28.61000024,-80.59925591,-5.73E-09,-0.00175729,-2.50E-05
8043.035745,239.4261355,0.089063819,28.61000024,-80.59925242,-5.44E-09,-0.00126516,-8.81E-06
8073.416743,240.5425685,0.089990446,28.61000024,-80.59924894,-5.14E-09,-8.19E-04,-9.38E-06
8103.687151,241.6580759,0.090918969,28.61000025,-80.59924545,-5.45E-09,-4.22E-04,-1.44E-06
8133.84726,242.7723996,0.091847515,28.61000025,-80.59924197,-5.79E-09,-3.02E-04,1.26E-05
8163.897355,243.885317,0.092775275,28.61000025,-80.5992385,-5.33E-09,-8.53E-05,7.06E-06
8193.837709,244.9968583,0.093702788,28.61000025,-80.59923503,-5.16E-09,5.88E-05,1.79E-06
8223.668604,246.1067768,0.094631306,28.61000026,-80.59923156,-5.26E-09,1.05E-04,-5.55E-07
8253.390312,247.2149905,0.095561728,28.61000026,-80.5992281,-5.20E-09,1.77E-04,-1.42E-06
8283.003092,248.3215966,0.0964946,28.61000026,-80.59922465,-5.42E-09,-1.34E-04,5.52E-06
8312.507203,249.426699,0.09743027,28.61000026,-80.5992212,-5.25E-09,1.38E-04,-8.36E-07
8341.902914,250.530077,0.09836906,28.61000027,-80.59921775,-5.25E-09,3.77E-04,0
8371.19049,251.6315715,0.099311056,28.61000027,-80.59921431,-5.59E-09,4.76E-04,-2.25E-06
8400.37018,252.7312983,0.100256206,28.61000027,-80.59921088,-5.08E-09,7.02E-04,1.37E-06
8429.44224,253.8291705,0.101204367,28.61000028,-80.59920745,0,8.55E-04,-5.58E-07
8458.406923,254.9251127,0.102155436,28.61000028,-80.59920403,-5.81E-09,0.001242064,3.10E-06
8487.264491,256.0188525,0.103109109,28.61000028,-80.59920061,-5.70E-09,0.001639262,6.83E-06
8516.015186,257.1103957,0.104064827,28.61000028,-80.5991972,-5.75E-09,0.002062431,7.16E-06
8544.659238,258.2000764,0.105022114,28.61000029,-80.5991938,-6.07E-09,-0.001967043,8.11E-06
8573.196848,259.2886851,0.105980726,28.61000029,-80.5991904,-5.53E-09,-0.001579988,5.19E-06
8601.628236,260.3766421,0.106940629,28.61000029,-80.59918701,-5.47E-09,-9.62E-04,3.16E-06
8629.953624,261.4642013,0.107901927,28.61000029,-80.59918361,-5.91E-09,-2.59E-04,5.03E-06
8658.173246,262.5514088,0.108864683,28.6100003,-80.59918022,-5.39E-09,3.87E-04,4.23E-06
8686.287341,263.6381485,0.109828946,28.6100003,-80.59917682,-5.25E-09,9.66E-04,-7.01E-07
8714.296163,264.7239557,0.110794843,28.6100003,-80.59917343,-5.87E-09,-9.49E-04,-2.27E-06
8742.199975,265.8081788,0.111762397,28.6100003,-80.59917005,-6.29E-09,-9.23E-04,-1.48E-05
8769.999002,266.8908628,0.112731599,28.61000031,-80.59916667,-6.43E-09,-8.25E-04,-2.12E-06
8797.693481,267.9717741,0.11370274,28.61000031,-80.59916329,-5.44E-09,-4.44E-04,-7.96E-06
8825.28365,269.0505834,0.114676561,28.61000031,-80.59915992,-5.58E-09,-3.82E-05,-6.30E-06
8852.769736,270.127203,0.115654167,28.61000031,-80.59915656,-5.23E-09,5.30E-04,-8.37E-06
8880.151959,271.2016083,0.116636622,28.61000032,-80.59915321,-5.62E-09,8.98E-04,-1.46E-05
8907.430521,272.2741126,0.11762505,28.61000032,-80.59914986,-6.05E-09,0.001177652,-1.63E-05
8934.605633,273.3448095,0.118620489,28.61000032,-80.59914651,0,0.001444023,-1.68E-05
8961.677512,274.4136265,0.119623702,28.61000033,-80.59914318,0,0.001800246,-2.16E-05
8988.646362,275.4806972,0.120634906,28.61000033,-80.59913985,0,-0.001818893,-4.11E-05
9015.512364,276.5466238,0.121654038,28.61000033,-80.59913652,-6.96E-09,-0.001544029,-1.27E-05
9042.275707,277.611739,0.122680546,28.61000033,-80.59913319,-5.36E-09,-0.001205852,-1.28E-05
9068.936592,278.6761413,0.123713609,28.61000034,-80.59912987,-5.97E-09,-7.63E-04,-7.59E-06
9095.495217,279.7399696,0.124752014,28.61000034,-80.59912655,-6.12E-09,-2.83E-04,-6.12E-06
9121.951786,280.8031753,0.125794306,28.61000034,-80.59912323,-5.88E-09,7.99E-05,-9.29E-06
9148.306511,281.8655667,0.126838828,28.61000034,-80.59911991,-6.00E-09,3.48E-04,-9.14E-06
9174.559589,282.9272006,0.127884116,28.61000035,-80.59911659,-5.45E-09,8.13E-04,-9.95E-06
9200.711203,283.9884028,0.128928869,28.61000035,-80.59911328,-7.07E-09,0.001366534,-1.49E-05
9226.761556,285.0490491,0.129972085,28.61000035,-80.59910997,-6.32E-09,0.001623427,-5.94E-05
9252.710871,286.1085832,0.131013025,28.61000036,-80.59910666,-6.19E-09,-0.001554303,-3.21E-05
9278.559362,287.1666338,0.132051574,28.61000036,-80.59910336,0,-0.001392778,-3.45E-05
9304.307222,288.2231685,0.133088261,28.61000036,-80.59910006,-5.74E-09,-0.001234673,-1.80E-05
9329.954648,289.2780742,0.134123995,28.61000036,-80.59909677,-5.74E-09,-8.61E-04,-1.08E-05
9355.501848,290.3308955,0.135159832,28.61000037,-80.59909348,-5.79E-09,-1.68E-04,-9.42E-06
9380.949035,291.3810977,0.136197129,28.61000037,-80.5990902,-5.94E-09,8.12E-04,-7.79E-06
9406.296403,292.4284636,0.137237239,28.61000037,-80.59908693,-7.85E-09,0.001720909,-1.30E-05
9431.544125,293.4732238,0.138281317,28.61000038,-80.59908367,0,0.002490034,-9.90E-06
9456.692368,294.5156604,0.139330398,28.61000038,-80.59908041,-6.96E-09,0.003074558,-1.88E-05
9481.7413,295.556062,0.140385186,28.61000038,-80.59907716,0,0.003503643,-3.20E-05
9506.691078,296.5948148,0.141446244,28.61000038,-80.59907392,-6.78E-09,-0.003590066,-9.08E-05
9531.541849,297.6325118,0.142513906,28.61000039,-80.59907068,-8.11E-09,-0.00332448,-1.23E-05
9556.293755,298.6697545,0.143588453,28.61000039,-80.59906744,-6.62E-09,-0.002701564,-7.75E-06
9580.946941,299.7070162,0.144669887,28.61000039,-80.5990642,-6.82E-09,-0.001903254,-5.94E-06
9605.501557,300.7446986,0.14575778,28.6100004,-80.59906096,-6.41E-09,-7.57E-04,-3.01E-06
9629.957758,301.7830461,0.146851365,28.6100004,-80.59905772,-6.28E-09,2.13E-04,-2.12E-06
9654.315734,302.8217553,0.147949707,28.6100004,-80.59905448,-6.30E-09,0.001097412,-3.91E-06
9678.575672,303.8605078,0.149051929,28.61000041,-80.59905123,-5.87E-09,0.001629129,-2.57E-06
9702.737777,304.89866,0.150157225,28.61000041,-80.59904799,-6.69E-09,0.001777922,-1.21E-05
9726.802242,305.9357418,0.151264964,28.61000041,-80.59904475,-7.80E-09,-0.001776904,-5.80E-06
9750.769242,306.9715782,0.152374679,28.61000041,-80.59904152,-6.35E-09,-0.001660009,-2.53E-06
9774.638957,308.0059,0.153485866,28.61000042,-80.59903829,-6.20E-09,-0.001286374,-1.28E-06
9798.41157,309.0382918,0.154598173,28.61000042,-80.59903507,-6.19E-09,-6.85E-04,9.58E-07
9822.087256,310.0684972,0.15571136,28.61000042,-80.59903185,-5.88E-09,-3.14E-05,-3.48E-07
9845.66618,311.0963956,0.156825183,28.61000043,-80.59902864,-6.04E-09,7.78E-04,-3.35E-06
9869.14851,312.121784,0.157939683,28.61000043,-80.59902544,-6.64E-09,0.001642073,-3.96E-06
9892.534401,313.1446964,0.159055116,28.61000043,-80.59902224,-5.26E-09,0.002403371,-3.33E-06
9915.823986,314.1655598,0.160171979,28.61000044,-80.59901906,0,0.002747629,-2.89E-07
9939.017387,315.1849648,0.161290912,28.61000044,-80.59901587,-5.39E-09,0.002908683,-1.51E-05
9962.114743,316.2031791,0.162412749,28.61000044,-80.59901269,0,-0.00289005,-7.39E-06
9985.116181,317.2205874,0.16353848,28.61000044,-80.59900952,-8.05E-09,-0.002573607,3.91E-06
1.00E+04,318.2375996,0.164668968,28.61000045,-80.59900634,-6.82E-09,-0.002115594,3.87E-07
1.00E+04,319.2543277,0.165804962,28.61000045,-80.59900317,-6.11E-09,-0.00165212,-1.69E-06
1.01E+04,320.2707783,0.166946976,28.61000045,-80.59899999,-6.67E-09,-0.001156301,-1.05E-06
1.01E+04,321.2869814,0.168095166,28.61000046,-80.59899682,-5.88E-09,-6.81E-04,-3.50E-06
1.01E+04,322.3028798,0.169249429,28.61000046,-80.59899365,-6.11E-09,-2.56E-04,-1.92E-06
1.01E+04,323.3183538,0.170409425,28.61000046,-80.59899048,-6.02E-09,6.67E-05,-1.61E-06
1.01E+04,324.33327,0.171574606,28.61000047,-80.59898731,-6.18E-09,3.41E-04,-5.96E-06
1.02E+04,325.3474386,0.172744315,28.61000047,-80.59898414,-5.96E-09,-3.96E-04,2.02E-05
1.02E+04,326.360583,0.173917703,28.61000047,-80.59898098,-6.26E-09,-3.82E-04,1.62E-05
1.02E+04,327.3727077,0.17509392,28.61000048,-80.59897782,-6.03E-09,4.27E-04,-9.48E-06
1.02E+04,328.3839352,0.176272118,28.61000048,-80.59897466,-5.94E-09,5.21E-04,-1.54E-05
1.03E+04,329.3942344,0.177451465,28.61000048,-80.59897151,-5.93E-09,-4.80E-04,7.20E-07
1.03E+04,330.4033213,0.178631175,28.61000049,-80.59896836,-5.91E-09,-2.62E-04,1.58E-06
1.03E+04,331.4109711,0.179810612,28.61000049,-80.59896521,-5.93E-09,3.54E-05,2.05E-06
1.03E+04,332.4170757,0.180989496,28.61000049,-80.59896207,-5.87E-09,4.13E-04,1.60E-06
1.03E+04,333.4214967,0.182167842,28.6100005,-80.59895893,-6.17E-09,8.77E-04,4.82E-07
1.04E+04,334.424199,0.183345841,28.6100005,-80.5989558,-5.98E-09,0.001275337,6.97E-07
1.04E+04,335.4254937,0.184523927,28.6100005,-80.59895268,-5.27E-09,0.001372803,6.72E-05
1.04E+04,336.425732,0.18570277,28.6100005,-80.59894955,-5.16E-09,0.001447829,3.92E-06
1.04E+04,337.4248386,0.186883105,28.61000051,-80.59894643,-6.15E-09,0.00161082,-8.84E-06
1.04E+04,338.4228333,0.188065781,28.61000051,-80.59894332,-6.51E-09,-0.00159449,-5.70E-06
1.05E+04,339.4198533,0.189251702,28.61000051,-80.5989402,0,0.001694269,-3.28E-05
1.05E+04,340.4159384,0.190441732,28.61000052,-80.59893709,-6.93E-09,-0.001518711,4.58E-06
1.05E+04,341.4115311,0.1916366,28.61000052,-80.59893398,-6.05E-09,-0.001190402,1.43E-06
1.05E+04,342.4068208,0.19283693,28.61000052,-80.59893088,-6.41E-09,-8.07E-04,1.98E-06
1.05E+04,343.4019648,0.194043072,28.61000053,-80.59892777,-6.08E-09,-2.48E-04,4.09E-06
1.06E+04,344.3972051,0.195255249,28.61000053,-80.59892466,-6.29E-09,3.64E-04,1.55E-06
1.06E+04,345.3925608,0.19647355,28.61000053,-80.59892155,-6.43E-09,9.39E-04,1.30E-06
1.06E+04,346.3879449,0.197697818,28.61000054,-80.59891845,-6.12E-09,0.001447688,4.57E-06
1.06E+04,347.3832305,0.198927758,28.61000054,-80.59891534,-6.17E-09,0.00185837,1.99E-06
1.07E+04,348.3782938,0.20016291,28.61000054,-80.59891223,-6.25E-09,0.002230078,7.86E-07
1.07E+04,349.3730208,0.201402604,28.61000055,-80.59890913,-6.54E-09,0.002452657,2.76E-06
1.07E+04,350.3671408,0.202646054,28.61000055,-80.59890602,-5.05E-09,-0.002501452,7.87E-06
1.07E+04,351.3602127,0.203892497,28.61000055,-80.59890292,0,-0.002163372,2.56E-06
1.07E+04,352.3518126,0.20514125,28.61000056,-80.59889983,-5.89E-09,-0.00180266,3.04E-06
1.08E+04,353.3418264,0.206391674,28.61000056,-80.59889673,-5.40E-09,-0.001207425,1.56E-06
1.08E+04,354.3299584,0.20764317,28.61000056,-80.59889365,-5.65E-09,-5.53E-04,1.42E-06
1.08E+04,355.3161319,0.208895278,28.61000057,-80.59889057,-5.94E-09,1.61E-04,1.76E-07
1.08E+04,356.30032,0.210147697,28.61000057,-80.5988875,-5.55E-09,8.47E-04,2.57E-06
1.08E+04,357.2825019,0.211400285,28.61000057,-80.59888443,-5.22E-09,0.00162063,3.23E-06
1.08E+04,358.2624637,0.212652988,28.61000058,-80.59888137,-6.59E-09,0.002539561,1.87E-06
1.09E+04,359.240051,0.213905828,28.61000058,-80.59887832,-5.65E-09,0.003449471,1.64E-06
1.09E+04,360.2155432,0.215158999,28.61000059,-80.59887527,-8.12E-09,0.00401801,4.57E-06
1.09E+04,361.189467,0.216412827,28.61000059,-80.59887223,-5.35E-09,0.004420107,6.62E-06
1.09E+04,362.1621238,0.217667787,28.61000059,-80.59886919,-5.23E-09,0.004584992,5.38E-05
1.09E+04,363.133919,0.21892442,28.6100006,-80.59886616,-7.51E-09,-0.004512238,2.09E-05
1.10E+04,364.1051285,0.220183262,28.6100006,-80.59886313,0,-0.004383827,7.08E-06
1.10E+04,365.0758679,0.221444925,28.6100006,-80.5988601,-8.30E-09,-0.00412001,5.58E-06
1.10E+04,366.0462522,0.222709977,28.61000061,-80.59885707,0,-0.003893226,-4.85E-06
1.10E+04,367.0162844,0.223978957,28.61000061,-80.59885404,-6.70E-09,-0.00356725,-1.30E-06
1.10E+04,367.9861244,0.225252277,28.61000061,-80.59885101,-5.74E-09,-0.003187976,-2.80E-06
1.11E+04,368.9559485,0.226530271,28.61000062,-80.59884798,-5.13E-09,-0.002626874,-6.63E-07
1.11E+04,369.9260168,0.227813199,28.61000062,-80.59884495,-6.54E-09,-0.001989359,1.56E-06
1.11E+04,370.8964535,0.229101243,28.61000062,-80.59884192,-5.15E-09,-0.001271264,-5.98E-07
1.11E+04,371.86736,0.230394519,28.61000063,-80.59883889,-5.55E-09,-5.36E-04,-3.45E-07
1.11E+04,372.83862,0.231693025,28.61000063,-80.59883586,-5.52E-09,1.89E-05,-1.55E-06
1.11E+04,373.8100258,0.232996604,28.61000063,-80.59883282,-5.71E-09,5.82E-04,-5.71E-07
1.12E+04,374.7816027,0.234304982,28.61000064,-80.59882979,-5.39E-09,0.001117386,1.83E-07
1.12E+04,375.7532246,0.235617792,28.61000064,-80.59882676,-5.58E-09,0.001500821,1.36E-06
1.12E+04,376.7246171,0.236934652,28.61000064,-80.59882372,-5.25E-09,0.001732701,2.20E-06
1.12E+04,377.6955935,0.238255157,28.61000065,-80.59882069,-5.47E-09,0.001903807,3.77E-06
1.12E+04,378.6659081,0.239578897,28.61000065,-80.59881766,-5.22E-09,-0.001774887,4.60E-06
1.12E+04,379.6350563,0.240905422,28.61000066,-80.59881464,-6.33E-09,-0.001393763,5.53E-06
1.13E+04,380.6027046,0.242234295,28.61000066,-80.59881162,-5.45E-09,-8.83E-04,2.80E-06
1.13E+04,381.5686696,0.243565091,28.61000066,-80.5988086,-5.66E-09,-2.65E-04,4.21E-06
1.13E+04,382.5328146,0.244897398,28.61000067,-80.59880559,-5.48E-09,4.08E-04,4.83E-06
1.13E+04,383.4951192,0.246230848,28.61000067,-80.59880258,-5.61E-09,0.001051228,5.77E-06
1.13E+04,384.45561,0.247565112,28.61000067,-80.59879958,-5.60E-09,0.001724396,3.76E-06
1.13E+04,385.4143248,0.248899972,28.61000068,-80.59879659,-6.57E-09,0.002291078,3.72E-06
1.14E+04,386.3713794,0.250235317,28.61000068,-80.5987936,-5.51E-09,0.002883728,3.68E-06
1.14E+04,387.3267978,0.251571166,28.61000068,-80.59879062,-5.95E-09,0.003380081,6.28E-06
1.14E+04,388.2807774,0.252907636,28.61000069,-80.59878764,-6.70E-09,0.003761156,8.21E-06
1.14E+04,389.2334962,0.254244904,28.61000069,-80.59878467,-5.21E-09,0.004069087,1.15E-05
1.14E+04,390.1850641,0.255583171,28.6100007,-80.5987817,0,0.004313184,1.50E-05
1.14E+04,391.1356451,0.256922681,28.6100007,-80.59877873,-7.36E-09,0.00440983,8.55E-05
1.15E+04,392.0854732,0.258263727,28.6100007,-80.59877576,-5.87E-09,-0.00439847,3.28E-05
1.15E+04,393.0348009,0.259606669,28.61000071,-80.5987728,-6.14E-09,-0.004178219,1.30E-05
1.15E+04,393.9838854,0.260951887,28.61000071,-80.59876983,-5.88E-09,-0.003911468,8.38E-06
1.15E+04,394.9328297,0.262299748,28.61000071,-80.59876687,-5.65E-09,-0.003531491,6.39E-06
1.15E+04,395.8818499,0.26365059,28.61000072,-80.59876391,-6.19E-09,-0.003022808,6.03E-06
1.15E+04,396.831138,0.265004724,28.61000072,-80.59876094,-5.41E-09,-0.002443168,3.71E-06
1.16E+04,397.7808406,0.266362421,28.61000072,-80.59875798,-5.19E-09,-0.001757562,2.76E-06
1.16E+04,398.7309593,0.267723883,28.61000073,-80.59875501,-5.06E-09,-0.001227584,1.43E-06
1.16E+04,399.6812025,0.269089254,28.61000073,-80.59875204,-5.59E-09,-8.30E-04,1.50E-06
1.16E+04,400.6313838,0.270458609,28.61000074,-80.59874908,-5.66E-09,-5.10E-04,1.10E-06
1.16E+04,401.5812804,0.271831964,28.61000074,-80.59874611,-5.64E-09,-4.13E-04,-1.22E-05
1.16E+04,402.5305981,0.273209256,28.61000074,-80.59874315,-5.65E-09,3.86E-04,-2.30E-05
1.16E+04,403.4792287,0.274590374,28.61000075,-80.59874019,-5.53E-09,4.53E-04,-6.03E-06
1.17E+04,404.4271986,0.275975188,28.61000075,-80.59873723,-5.69E-09,-3.62E-04,-2.10E-06
1.17E+04,405.374669,0.277363526,28.61000075,-80.59873427,-5.57E-09,-3.31E-04,-9.11E-06
1.17E+04,406.3215666,0.278755201,28.61000076,-80.59873131,-5.63E-09,-2.82E-04,-3.42E-06
1.17E+04,407.2679383,0.280149995,28.61000076,-80.59872836,-5.55E-09,-2.09E-04,-4.10E-06
1.17E+04,408.2138279,0.281547665,28.61000077,-80.5987254,-5.63E-09,-1.24E-04,-2.56E-06
1.17E+04,409.1592739,0.282947952,28.61000077,-80.59872245,-5.61E-09,-8.87E-06,-3.78E-06
1.18E+04,410.1042971,0.28435061,28.61000077,-80.5987195,-5.61E-09,8.14E-05,-2.67E-06
1.18E+04,411.0489082,0.285755398,28.61000078,-80.59871655,-5.56E-09,2.21E-04,-2.13E-06
1.18E+04,411.9931162,0.287162103,28.61000078,-80.5987136,-5.59E-09,2.77E-04,-8.29E-06
1.18E+04,412.9368058,0.288570551,28.61000078,-80.59871066,-5.51E-09,-3.07E-04,-2.33E-05
1.18E+04,413.8798786,0.289980574,28.61000079,-80.59870771,-5.57E-09,-2.19E-04,-1.57E-06
1.18E+04,414.8222019,0.291392039,28.61000079,-80.59870477,-5.61E-09,-1.17E-04,-1.08E-06
1.18E+04,415.7637333,0.292804853,28.6100008,-80.59870183,-5.62E-09,5.65E-05,-2.13E-06
1.19E+04,416.7043152,0.294218972,28.6100008,-80.59869889,-5.52E-09,3.48E-04,-8.70E-07
1.19E+04,417.643853,0.295634405,28.6100008,-80.59869596,-5.76E-09,6.02E-04,-1.98E-06
1.19E+04,418.5824582,0.297051198,28.61000081,-80.59869303,-5.53E-09,7.95E-04,4.09E-07
1.19E+04,419.5202332,0.298469438,28.61000081,-80.5986901,-5.79E-09,9.46E-04,-1.08E-06
1.19E+04,420.4572074,0.299889234,28.61000082,-80.59868717,-5.56E-09,0.001114099,-1.29E-06
1.19E+04,421.3933716,0.301310724,28.61000082,-80.59868425,-5.69E-09,0.001267331,-2.96E-06
1.19E+04,422.3287234,0.302734076,28.61000082,-80.59868133,-5.46E-09,0.00145646,-3.31E-06
1.19E+04,423.2632154,0.304159469,28.61000083,-80.59867841,-5.65E-09,0.001656832,-4.09E-06
1.20E+04,424.1968989,0.305587083,28.61000083,-80.5986755,-5.52E-09,0.00178182,-2.46E-06
1.20E+04,425.1299028,0.307017094,28.61000084,-80.59867258,-5.63E-09,0.001858247,-4.76E-06
1.20E+04,426.062202,0.308449669,28.61000084,-80.59866967,-5.64E-09,0.002037099,-6.03E-06
1.20E+04,426.9936335,0.30988496,28.61000084,-80.59866677,-5.68E-09,0.002268857,-7.04E-06
1.20E+04,427.9240933,0.311323107,28.61000085,-80.59866386,-5.29E-09,0.002579825,-6.64E-06
1.20E+04,428.8534744,0.312764232,28.61000085,-80.59866096,-5.90E-09,0.00292573,-8.01E-06
1.20E+04,429.7817683,0.31420844,28.61000085,-80.59865806,-5.86E-09,0.003247167,-9.00E-06
1.20E+04,430.7090611,0.315655827,28.61000086,-80.59865516,-5.57E-09,0.003500964,-9.72E-06
1.21E+04,431.6354835,0.317106468,28.61000086,-80.59865227,0,0.003683548,-1.15E-05
1.21E+04,432.5611343,0.318560414,28.61000087,-80.59864938,-5.78E-09,0.003829979,-1.43E-05
1.21E+04,433.4860603,0.320017699,28.61000087,-80.59864649,-5.64E-09,0.003955805,-1.48E-05
1.21E+04,434.410276,0.321478342,28.61000087,-80.59864361,-5.11E-09,0.004090522,-2.11E-05
1.21E+04,435.3338991,0.322942347,28.61000088,-80.59864072,-6.19E-09,-0.004045477,-1.64E-05
1.21E+04,436.2570965,0.324409709,28.61000088,-80.59863784,-5.62E-09,0.00406088,-4.08E-05
1.21E+04,437.1797739,0.325880417,28.61000089,-80.59863496,-5.33E-09,0.004074308,-7.04E-05
1.21E+04,438.1019221,0.327354454,28.61000089,-80.59863208,-5.80E-09,0.004116125,-2.62E-05
1.22E+04,439.0234875,0.328831799,28.61000089,-80.5986292,-5.53E-09,0.004191559,-1.86E-05
1.22E+04,439.9444315,0.33031243,28.6100009,-80.59862633,0,0.004272508,-2.04E-05
1.22E+04,440.8647829,0.331796321,28.6100009,-80.59862345,-5.80E-09,0.004249153,-7.53E-04
1.22E+04,441.78467,0.333283437,28.61000091,-80.59862058,-6.01E-09,-0.004245155,-6.45E-06
1.22E+04,442.704279,0.334773737,28.61000091,-80.59861771,0,-0.004089981,-3.61E-06
1.22E+04,443.6237279,0.336267172,28.61000091,-80.59861484,-6.36E-09,-0.003888202,-3.96E-07
1.22E+04,444.5431204,0.337763683,28.61000092,-80.59861197,0,-0.003605245,-4.46E-07
1.22E+04,445.4625906,0.339263212,28.61000092,-80.5986091,-5.27E-09,-0.003267551,2.56E-07
1.22E+04,446.3821547,0.340765696,28.61000093,-80.59860623,-5.57E-09,-0.0029843,8.37E-07
1.23E+04,447.3017329,0.342271068,28.61000093,-80.59860336,-6.20E-09,-0.002714339,1.94E-06
1.23E+04,448.2213987,0.343779256,28.61000094,-80.59860048,-5.80E-09,-0.002341418,2.10E-06
1.23E+04,449.1413358,0.345290194,28.61000094,-80.59859761,-5.65E-09,-0.001899959,1.47E-06
1.23E+04,450.0615981,0.346803816,28.61000094,-80.59859474,-5.58E-09,-0.001484478,2.00E-06
1.23E+04,450.9821332,0.348320059,28.61000095,-80.59859186,-5.66E-09,-0.00108576,2.41E-06
1.23E+04,451.9029973,0.349838863,28.61000095,-80.59858899,-5.66E-09,-6.00E-04,2.28E-06
1.23E+04,452.8243459,0.351360169,28.61000096,-80.59858611,-5.60E-09,-6.60E-05,1.86E-06
1.23E+04,453.7462081,0.352883927,28.61000096,-80.59858323,-5.60E-09,4.37E-04,2.13E-06
1.23E+04,454.6684779,0.35441009,28.61000096,-80.59858035,-5.68E-09,8.55E-04,1.65E-06
1.24E+04,455.5910246,0.355938614,28.61000097,-80.59857747,-5.64E-09,0.00122321,1.42E-06
1.24E+04,456.513766,0.357469459,28.61000097,-80.59857459,-5.76E-09,0.001533968,1.06E-06
1.24E+04,457.4365975,0.359002595,28.61000098,-80.59857171,-5.39E-09,0.001777061,1.25E-06
1.24E+04,458.3594369,0.360538,28.61000098,-80.59856883,-5.59E-09,0.001999584,4.61E-07
1.24E+04,459.2822132,0.362075665,28.61000098,-80.59856595,-5.57E-09,0.002133306,-3.62E-06
1.24E+04,460.2047784,0.363615589,28.61000099,-80.59856307,-5.70E-09,0.0021919,-1.57E-05
1.24E+04,461.1270477,0.365157778,28.61000099,-80.59856019,-5.75E-09,0.00222482,-9.54E-05
1.24E+04,462.048949,0.366702241,28.610001,-80.59855731,-6.04E-09,-0.002169989,-1.09E-05
1.24E+04,462.97029,0.368248997,28.610001,-80.59855443,-5.65E-09,-0.001983242,-7.76E-06
1.24E+04,463.8908543,0.369798057,28.61000101,-80.59855156,-5.59E-09,-0.001685916,-7.09E-06
1.25E+04,464.8104541,0.371349432,28.61000101,-80.59854869,-5.58E-09,-0.001281274,-7.04E-06
1.25E+04,465.7289344,0.372903137,28.61000101,-80.59854582,-5.59E-09,-8.19E-04,-6.93E-06
1.25E+04,466.6462016,0.374459194,28.61000102,-80.59854295,-5.67E-09,-3.04E-04,-6.23E-06
1.25E+04,467.5621904,0.376017624,28.61000102,-80.59854009,-5.66E-09,2.26E-04,-6.31E-06
1.25E+04,468.4768782,0.377578448,28.61000103,-80.59853724,-5.61E-09,7.77E-04,-6.22E-06
1.25E+04,469.3902494,0.379141691,28.61000103,-80.59853439,-5.55E-09,0.001318093,-6.18E-06
1.25E+04,470.3022739,0.380707377,28.61000104,-80.59853154,-5.65E-09,0.001920242,-6.92E-06
1.25E+04,471.2128125,0.382275533,28.61000104,-80.5985287,-5.52E-09,0.00259358,-6.90E-06
1.25E+04,472.1217605,0.383846193,28.61000104,-80.59852586,-5.71E-09,0.003290008,-6.81E-06
1.25E+04,473.0291109,0.385419386,28.61000105,-80.59852303,-5.72E-09,0.003973589,-7.19E-06
1.25E+04,473.9348953,0.386995143,28.61000105,-80.5985202,-5.63E-09,0.004645815,-7.17E-06
1.26E+04,474.8391647,0.388573495,28.61000106,-80.59851737,-5.52E-09,0.005270226,-6.94E-06
1.26E+04,475.7419632,0.39015447,28.61000106,-80.59851455,-5.63E-09,0.00591472,-7.32E-06
1.26E+04,476.6432825,0.391738093,28.61000107,-80.59851174,-6.22E-09,0.006525335,-7.64E-06
1.26E+04,477.5431871,0.393324386,28.61000107,-80.59850893,-5.43E-09,0.007112865,-7.75E-06
1.26E+04,478.4416986,0.394913376,28.61000107,-80.59850613,-5.11E-09,0.007703636,-7.47E-06
1.26E+04,479.3388914,0.396505082,28.61000108,-80.59850332,-5.87E-09,0.008190261,-7.71E-06
1.26E+04,480.2349006,0.398099522,28.61000108,-80.59850053,-5.68E-09,0.008680551,-7.82E-06
1.26E+04,481.1297276,0.399696711,28.61000109,-80.59849773,-5.05E-09,0.009137995,-7.65E-06
1.26E+04,482.0234527,0.401296659,28.61000109,-80.59849494,-6.51E-09,0.00954576,-8.21E-06
1.26E+04,482.9162066,0.402899373,28.6100011,-80.59849215,0,0.009862719,-7.72E-06
1.26E+04,483.8081346,0.404504859,28.6100011,-80.59848937,-5.83E-09,0.010129022,-8.02E-06
1.26E+04,484.6993268,0.406113119,28.6100011,-80.59848659,0,0.010340303,-7.72E-06
1.26E+04,485.5898903,0.407724156,28.61000111,-80.59848381,0,0.010487838,-7.90E-06
1.27E+04,486.4799452,0.40933797,28.61000111,-80.59848103,-5.49E-09,0.010565535,-7.33E-06
1.27E+04,487.369601,0.410954558,28.61000112,-80.59847825,-6.09E-09,0.010594082,-4.27E-06
1.27E+04,488.2589425,0.412573918,28.61000112,-80.59847547,-6.30E-09,-0.010569144,1.14E-05
1.27E+04,489.1480743,0.414196045,28.61000113,-80.5984727,0,-0.010475307,9.57E-06
1.27E+04,490.0371112,0.415820931,28.61000113,-80.59846992,-5.82E-09,-0.010325502,9.91E-06
1.27E+04,490.9261425,0.417448567,28.61000114,-80.59846714,-5.45E-09,-0.010133642,1.00E-05
1.27E+04,491.8152303,0.419078945,28.61000114,-80.59846437,-5.40E-09,-0.009918955,1.02E-05
1.27E+04,492.7044233,0.420712059,28.61000114,-80.59846159,-6.21E-09,-0.009670999,1.04E-05
1.27E+04,493.5937586,0.4223479,28.61000115,-80.59845881,-5.28E-09,-0.009427824,1.03E-05
1.27E+04,494.4832474,0.423986459,28.61000115,-80.59845604,-5.74E-09,-0.009159977,1.04E-05
1.27E+04,495.3729176,0.425627723,28.61000116,-80.59845326,-5.44E-09,-0.008901384,1.09E-05
1.27E+04,496.2627445,0.42727168,28.61000116,-80.59845048,-5.44E-09,-0.008660269,1.13E-05
1.27E+04,497.1526832,0.428918316,28.61000117,-80.5984477,-5.79E-09,-0.008454419,1.26E-05
1.27E+04,498.0426748,0.43056762,28.61000117,-80.59844492,-5.73E-09,-0.008276625,1.33E-05
1.28E+04,498.9327017,0.432219575,28.61000118,-80.59844214,-6.03E-09,-0.008088624,1.34E-05
1.28E+04,499.8228059,0.433874158,28.61000118,-80.59843937,-5.77E-09,-0.007873141,1.33E-05
1.28E+04,500.7130043,0.43553135,28.61000118,-80.59843659,-5.57E-09,-0.007683813,1.44E-05
1.28E+04,501.6032746,0.437191131,28.61000119,-80.59843381,-5.37E-09,-0.007480029,1.43E-05
1.28E+04,502.4936397,0.438853478,28.61000119,-80.59843103,-5.76E-09,-0.007280736,1.53E-05
1.28E+04,503.3840978,0.440518371,28.6100012,-80.59842825,-6.03E-09,-0.007080116,1.60E-05
1.28E+04,504.2746465,0.442185788,28.6100012,-80.59842546,-5.71E-09,-0.006890695,1.71E-05
1.28E+04,505.1652486,0.443855715,28.61000121,-80.59842268,-5.43E-09,-0.006738134,2.08E-05
1.28E+04,506.0558142,0.44552814,28.61000121,-80.5984199,-6.00E-09,-0.006652278,3.68E-05
1.28E+04,506.946241,0.447203054,28.61000122,-80.59841712,-5.66E-09,-0.006609184,5.63E-05
1.28E+04,507.8364999,0.448880441,28.61000122,-80.59841434,-5.85E-09,-0.006557049,4.53E-05
1.28E+04,508.7265963,0.450560286,28.61000123,-80.59841156,-5.40E-09,-0.006518492,3.56E-04
1.28E+04,509.6164747,0.452242575,28.61000123,-80.59840879,-5.58E-09,0.006543123,2.21E-05
1.28E+04,510.5060429,0.453927295,28.61000123,-80.59840601,-5.79E-09,0.006625811,6.81E-06
1.28E+04,511.3952532,0.455614428,28.61000124,-80.59840323,-5.72E-09,0.006678297,1.95E-05
1.28E+04,512.284129,0.457303956,28.61000124,-80.59840046,-5.41E-09,0.006767922,5.59E-06
1.28E+04,513.1726139,0.458995862,28.61000125,-80.59839768,-5.41E-09,0.006871941,4.36E-06
1.28E+04,514.0606728,0.460690128,28.61000125,-80.59839491,-5.58E-09,0.007009816,9.97E-07
1.29E+04,514.9482576,0.462386736,28.61000126,-80.59839214,-5.62E-09,0.007162933,1.10E-06
1.29E+04,515.8353582,0.464085667,28.61000126,-80.59838937,-5.63E-09,0.007314497,1.85E-06
1.29E+04,516.7219792,0.465786904,28.61000127,-80.5983866,-5.73E-09,0.007470809,1.30E-06
1.29E+04,517.6081058,0.46749043,28.61000127,-80.59838383,-5.63E-09,0.007640228,8.66E-07
1.29E+04,518.4937292,0.469196227,28.61000128,-80.59838107,-5.55E-09,0.007803909,1.34E-06
1.29E+04,519.3788363,0.470904276,28.61000128,-80.5983783,-5.91E-09,0.007998399,-1.09E-06
1.29E+04,520.2633784,0.472614559,28.61000129,-80.59837554,-5.61E-09,0.008202935,-1.07E-06
1.29E+04,521.1473362,0.474327056,28.61000129,-80.59837278,-5.93E-09,0.008421768,-1.59E-06
1.29E+04,522.0306937,0.476041751,28.6100013,-80.59837002,-5.56E-09,0.008640273,-1.52E-06
1.29E+04,522.9134315,0.477758623,28.6100013,-80.59836727,-5.77E-09,0.008885169,-3.01E-06
1.29E+04,523.7954968,0.479477652,28.6100013,-80.59836451,-5.72E-09,0.009146659,-3.14E-06
1.29E+04,524.6768698,0.481198819,28.61000131,-80.59836176,-5.56E-09,0.009407391,-2.75E-06
1.29E+04,525.5575477,0.482922104,28.61000131,-80.59835901,-5.68E-09,0.009675974,-3.22E-06
1.29E+04,526.4375066,0.484647488,28.61000132,-80.59835626,-5.73E-09,0.009955402,-3.42E-06
1.29E+04,527.3167299,0.486374951,28.61000132,-80.59835352,-5.75E-09,0.010233849,-3.23E-06
1.29E+04,528.1952081,0.488104472,28.61000133,-80.59835078,-5.78E-09,0.010523712,-3.51E-06
1.29E+04,529.0729282,0.489836031,28.61000133,-80.59834804,-5.75E-09,0.010805288,-2.83E-06
1.29E+04,529.9498966,0.491569609,28.61000134,-80.5983453,-5.74E-09,0.011092868,-2.93E-06
1.29E+04,530.8261129,0.493305186,28.61000134,-80.59834256,-5.67E-09,0.011366533,-1.96E-06
1.29E+04,531.7015896,0.495042745,28.61000135,-80.59833983,-5.67E-09,0.011648126,-2.51E-06
1.29E+04,532.576302,0.49678226,28.61000135,-80.5983371,-5.66E-09,0.01193306,-2.48E-06
1.29E+04,533.4502391,0.498523711,28.61000136,-80.59833437,-5.51E-09,0.012218935,-2.11E-06
1.29E+04,534.3234041,0.500267076,28.61000136,-80.59833164,-5.58E-09,0.01249637,-1.29E-06
1.29E+04,535.1958124,0.502012335,28.61000137,-80.59832892,-5.58E-09,0.012768143,-6.68E-07
1.29E+04,536.0674784,0.50375947,28.61000137,-80.5983262,-5.49E-09,0.01302937,2.58E-08
1.29E+04,536.9384047,0.505508458,28.61000138,-80.59832348,-5.77E-09,0.013297812,-7.40E-07
1.30E+04,537.8085645,0.507259271,28.61000138,-80.59832076,-5.71E-09,0.013568146,-5.90E-07
1.30E+04,538.6779483,0.509011882,28.61000138,-80.59831804,-5.58E-09,0.013836322,-2.39E-07
1.30E+04,539.5465509,0.510766267,28.61000139,-80.59831533,-5.59E-09,0.014104432,-5.73E-07
1.30E+04,540.4143425,0.512522393,28.61000139,-80.59831262,-5.66E-09,0.01438499,-1.71E-06
1.30E+04,541.2812726,0.51428022,28.6100014,-80.59830992,-5.72E-09,0.014670652,-1.67E-06
1.30E+04,542.1473231,0.516039715,28.6100014,-80.59830721,-5.73E-09,0.014950834,-1.17E-06
1.30E+04,543.0124895,0.517800848,28.61000141,-80.59830451,-5.70E-09,0.015230885,-1.26E-06
1.30E+04,543.8767575,0.519563585,28.61000141,-80.59830181,-5.81E-09,0.015505136,-1.14E-06
1.30E+04,544.7401012,0.521327887,28.61000142,-80.59829912,-5.73E-09,0.015788755,-2.04E-06
1.30E+04,545.6024752,0.523093706,28.61000142,-80.59829642,-5.62E-09,0.016065964,-1.29E-06
1.30E+04,546.4638761,0.524861008,28.61000143,-80.59829373,-5.56E-09,0.016339024,-1.40E-06
1.30E+04,547.3242748,0.526629747,28.61000143,-80.59829105,-5.62E-09,0.016613687,-2.02E-06
1.30E+04,548.1836187,0.528399866,28.61000144,-80.59828836,-5.79E-09,0.016889677,-2.31E-06
1.30E+04,549.0418698,0.530171314,28.61000144,-80.59828568,-5.66E-09,0.017158967,-1.78E-06
1.30E+04,549.8990224,0.531944047,28.61000145,-80.59828301,-5.60E-09,0.017418101,-1.09E-06
1.30E+04,550.7550804,0.533718023,28.61000145,-80.59828034,-5.77E-09,0.017666088,-5.63E-07
1.30E+04,551.6100379,0.535493197,28.61000146,-80.59827767,-5.68E-09,0.017906602,-6.73E-07
1.30E+04,552.4638559,0.537269505,28.61000146,-80.598275,-5.66E-09,0.018144834,-1.19E-06
1.30E+04,553.3164778,0.539046876,28.61000147,-80.59827234,-5.63E-09,0.018376893,-1.37E-06
1.30E+04,554.1678435,0.540825233,28.61000147,-80.59826968,-5.61E-09,0.018607851,-2.13E-06
1.30E+04,555.0178768,0.542604487,28.61000148,-80.59826703,-5.61E-09,0.018829062,-1.64E-06
1.30E+04,555.8665813,0.544384601,28.61000148,-80.59826438,-5.64E-09,0.018993404,-2.57E-07
1.30E+04,556.714013,0.546165572,28.61000149,-80.59826173,-5.74E-09,0.01910862,1.82E-08
1.30E+04,557.5601716,0.547947382,28.61000149,-80.59825909,-5.68E-09,0.019156318,-8.14E-07
1.30E+04,558.4050152,0.549729988,28.6100015,-80.59825645,-5.71E-09,0.019149247,-2.70E-07
1.30E+04,559.2485434,0.551513355,28.6100015,-80.59825382,-5.70E-09,0.019093869,-1.02E-07
1.30E+04,560.090728,0.553297428,28.61000151,-80.59825119,-5.64E-09,0.018978096,-8.07E-07
1.30E+04,560.9315059,0.555082127,28.61000151,-80.59824856,-5.68E-09,0.018815802,-4.88E-07
1.30E+04,561.7708389,0.556867373,28.61000152,-80.59824594,-5.66E-09,0.018602448,-7.95E-07
1.30E+04,562.6086615,0.558653068,28.61000152,-80.59824332,-5.70E-09,0.018343549,-8.87E-07
1.30E+04,563.4448945,0.560439092,28.61000152,-80.59824071,-5.66E-09,0.018029877,-1.61E-06
1.30E+04,564.2797863,0.562225892,28.61000153,-80.59823811,-5.67E-09,0.017917119,-2.21E-06
1.30E+04,565.1140179,0.564014578,28.61000153,-80.5982355,-5.69E-09,0.017737517,-2.11E-06
1.30E+04,565.9475936,0.565805149,28.61000154,-80.5982329,-5.70E-09,0.017581765,-1.52E-06
1.30E+04,566.7805348,0.567597616,28.61000154,-80.5982303,-5.68E-09,0.017410488,-1.31E-06
1.30E+04,567.6128368,0.569391961,28.61000155,-80.5982277,-5.66E-09,0.017214699,-1.71E-06
1.30E+04,568.4444628,0.571188134,28.61000155,-80.5982251,-5.66E-09,0.016996578,-1.86E-06
1.30E+04,568.5295577,0.571372112,28.61000155,-80.59822484,NaN,NaN,NaN
1.30E+04,576.782275,0.58939694,28.6100016,-80.59819907,NaN,NaN,NaN
1.30E+04,584.8981884,0.607498019,28.61000165,-80.59817373,NaN,NaN,NaN
1.30E+04,592.8303404,0.625596582,28.6100017,-80.59814896,NaN,NaN,NaN
1.29E+04,600.5228728,0.643587983,28.61000175,-80.59812494,NaN,NaN,NaN
1.29E+04,607.9129276,0.661358505,28.6100018,-80.59810187,NaN,NaN,NaN
1.29E+04,614.9389276,0.678796219,28.61000185,-80.59807993,NaN,NaN,NaN
1.28E+04,621.5417721,0.695797699,28.61000189,-80.59805931,NaN,NaN,NaN
1.28E+04,627.6727191,0.712271454,28.61000194,-80.59804017,NaN,NaN,NaN
1.27E+04,633.3296077,0.728141946,28.61000198,-80.59802251,NaN,NaN,NaN
1.26E+04,638.5279776,0.743349461,28.61000202,-80.59800628,NaN,NaN,NaN
1.26E+04,643.2612334,0.757848928,28.61000206,-80.5979915,NaN,NaN,NaN
1.25E+04,647.5137894,0.771609402,28.6100021,-80.59797822,NaN,NaN,NaN
1.24E+04,651.2707488,0.78461272,28.61000214,-80.59796649,NaN,NaN,NaN
1.23E+04,654.5403186,0.796852093,28.61000217,-80.59795628,NaN,NaN,NaN
1.22E+04,657.3438898,0.808330775,28.6100022,-80.59794753,NaN,NaN,NaN
1.22E+04,659.7114892,0.819060411,28.61000223,-80.59794013,NaN,NaN,NaN
1.21E+04,661.6607785,0.82905945,28.61000226,-80.59793405,NaN,NaN,NaN
1.20E+04,663.2139371,0.838351215,28.61000228,-80.5979292,NaN,NaN,NaN
1.19E+04,664.4099845,0.846962844,28.61000231,-80.59792546,NaN,NaN,NaN
1.18E+04,665.2526154,0.854924343,28.61000233,-80.59792283,NaN,NaN,NaN
1.17E+04,665.7587177,0.862266673,28.61000235,-80.59792125,NaN,NaN,NaN
1.16E+04,665.9587396,0.8690215,28.61000237,-80.59792063,NaN,NaN,NaN
1.15E+04,665.8481362,0.875220876,28.61000238,-80.59792097,NaN,NaN,NaN
1.15E+04,665.4302965,0.880895721,28.6100024,-80.59792228,NaN,NaN,NaN
1.14E+04,664.7137704,0.88607582,28.61000241,-80.59792451,NaN,NaN,NaN
1.13E+04,663.7160497,0.890789772,28.61000243,-80.59792763,NaN,NaN,NaN
1.12E+04,662.4947164,0.895065244,28.61000244,-80.59793144,NaN,NaN,NaN
1.11E+04,661.0931226,0.89893019,28.61000245,-80.59793582,NaN,NaN,NaN
1.10E+04,659.5341026,0.902412188,28.61000246,-80.59794069,NaN,NaN,NaN
1.09E+04,657.8266171,0.905537665,28.61000247,-80.59794602,NaN,NaN,NaN
1.08E+04,655.9661205,0.908331418,28.61000247,-80.59795183,NaN,NaN,NaN
1.07E+04,653.9603391,0.910816228,28.61000248,-80.59795809,NaN,NaN,NaN
1.06E+04,651.8359439,0.913013401,28.61000249,-80.59796472,NaN,NaN,NaN
1.05E+04,649.5852471,0.914943486,28.61000249,-80.59797175,NaN,NaN,NaN
1.04E+04,647.2327726,0.916625125,28.6100025,-80.5979791,NaN,NaN,NaN
1.04E+04,644.8506587,0.918076319,28.6100025,-80.59798653,NaN,NaN,NaN
1.03E+04,642.4565742,0.919316094,28.61000251,-80.59799401,NaN,NaN,NaN
1.02E+04,640.0297553,0.920362502,28.61000251,-80.59800159,NaN,NaN,NaN
1.01E+04,637.5396728,0.92123135,28.61000251,-80.59800936,NaN,NaN,NaN
9989.055282,634.9816099,0.921936045,28.61000251,-80.59801735,NaN,NaN,NaN
9897.79862,632.3745426,0.922488698,28.61000251,-80.59802549,NaN,NaN,NaN
9806.654216,629.7028114,0.92290105,28.61000252,-80.59803383,NaN,NaN,NaN
9715.624971,626.9536713,0.923183293,28.61000252,-80.59804241,NaN,NaN,NaN
9624.713818,624.1228498,0.923344301,28.61000252,-80.59805125,NaN,NaN,NaN
9533.923331,621.220795,0.923392042,28.61000252,-80.59806031,NaN,NaN,NaN
9443.255334,618.2669476,0.92333417,28.61000252,-80.59806954,NaN,NaN,NaN
9352.711304,615.2753641,0.923178359,28.61000252,-80.59807888,NaN,NaN,NaN
9262.292269,612.2995663,0.922932115,28.61000252,-80.59808817,NaN,NaN,NaN
9171.99898,609.3552648,0.922604161,28.61000252,-80.59809736,NaN,NaN,NaN
9081.831888,606.4043935,0.922203005,28.61000251,-80.59810658,NaN,NaN,NaN
8991.791218,603.4464943,0.921735075,28.61000251,-80.59811581,NaN,NaN,NaN
8901.876958,600.5031484,0.921206223,28.61000251,-80.598125,NaN,NaN,NaN
8812.088973,597.5746406,0.920622539,28.61000251,-80.59813415,NaN,NaN,NaN
8722.427067,594.6330879,0.919989584,28.61000251,-80.59814333,NaN,NaN,NaN
8632.890899,591.6530647,0.919311455,28.61000251,-80.59815264,NaN,NaN,NaN
8543.479962,588.6404473,0.918590997,28.61000251,-80.59816204,NaN,NaN,NaN
8454.193704,585.5975118,0.917831014,28.6100025,-80.59817154,NaN,NaN,NaN
8365.031516,582.52837,0.917034141,28.6100025,-80.59818113,NaN,NaN,NaN
8275.992809,579.4769863,0.916202927,28.6100025,-80.59819065,NaN,NaN,NaN
8187.076882,576.4539374,0.915341229,28.6100025,-80.59820009,NaN,NaN,NaN
8098.283072,573.4362306,0.91445293,28.61000249,-80.59820952,NaN,NaN,NaN
8009.611475,570.4292451,0.913540767,28.61000249,-80.59821891,NaN,NaN,NaN
7921.062601,567.426024,0.912607425,28.61000249,-80.59822828,NaN,NaN,NaN
7832.636789,564.3988016,0.911655105,28.61000249,-80.59823773,NaN,NaN,NaN
7744.334139,561.3294334,0.910684838,28.61000249,-80.59824732,NaN,NaN,NaN
7656.154451,558.2338656,0.909696931,28.61000248,-80.59825698,NaN,NaN,NaN
7568.097454,555.1162828,0.908692221,28.61000248,-80.59826672,NaN,NaN,NaN
7480.162817,551.9695153,0.907671619,28.61000248,-80.59827654,NaN,NaN,NaN
7392.350085,548.8263396,0.906635701,28.61000247,-80.59828636,NaN,NaN,NaN
7304.658713,545.6991811,0.905586142,28.61000247,-80.59829612,NaN,NaN,NaN
7217.088114,542.5791343,0.904524893,28.61000247,-80.59830586,NaN,NaN,NaN
7129.637688,539.4755083,0.90345342,28.61000247,-80.59831555,NaN,NaN,NaN
7042.306822,536.3668204,0.902373376,28.61000246,-80.59832526,NaN,NaN,NaN
6955.094856,533.2392189,0.901285513,28.61000246,-80.59833503,NaN,NaN,NaN
6868.001084,530.1184447,0.900190031,28.61000246,-80.59834477,NaN,NaN,NaN
6781.024829,527.0298635,0.899088011,28.61000245,-80.59835441,NaN,NaN,NaN
6694.165405,523.9440837,0.897981319,28.61000245,-80.59836405,NaN,NaN,NaN
6607.422052,520.8404716,0.896870621,28.61000245,-80.59837374,NaN,NaN,NaN
6520.79401,517.7453715,0.895755801,28.61000245,-80.5983834,NaN,NaN,NaN
6434.280979,514.6334201,0.894637678,28.61000244,-80.59839312,NaN,NaN,NaN
6347.883234,511.4692479,0.893516119,28.61000244,-80.598403,NaN,NaN,NaN
6261.601012,508.2871328,0.892389769,28.61000244,-80.59841294,NaN,NaN,NaN
6175.434382,505.1272056,0.891258597,28.61000243,-80.5984228,NaN,NaN,NaN
6089.383343,501.9938377,0.890123976,28.61000243,-80.59843259,NaN,NaN,NaN
6003.447743,498.8615052,0.888987302,28.61000243,-80.59844237,NaN,NaN,NaN
5917.627339,495.704819,0.887848948,28.61000242,-80.59845222,NaN,NaN,NaN
5831.921817,492.5129734,0.886708365,28.61000242,-80.59846219,NaN,NaN,NaN
5746.330708,489.2962982,0.885564675,28.61000242,-80.59847223,NaN,NaN,NaN
5660.853488,486.0600655,0.884417446,28.61000242,-80.59848234,NaN,NaN,NaN
5575.489665,482.8296898,0.883266472,28.61000241,-80.59849242,NaN,NaN,NaN
5490.23862,479.6296812,0.882112451,28.61000241,-80.59850242,NaN,NaN,NaN
5405.09974,476.4573486,0.880956873,28.61000241,-80.59851232,NaN,NaN,NaN
5320.072424,473.31933,0.87980099,28.6100024,-80.59852212,NaN,NaN,NaN
5235.155999,470.1969506,0.878646168,28.6100024,-80.59853187,NaN,NaN,NaN
5150.349812,467.0738138,0.877492986,28.6100024,-80.59854162,NaN,NaN,NaN
5065.653224,463.9436932,0.876341397,28.61000239,-80.59855139,NaN,NaN,NaN
4981.065645,460.7881985,0.87519114,28.61000239,-80.59856125,NaN,NaN,NaN
4896.586403,457.6096545,0.874041335,28.61000239,-80.59857117,NaN,NaN,NaN
4812.214977,454.4435381,0.87289127,28.61000239,-80.59858106,NaN,NaN,NaN
4727.95151,451.3087353,0.871741548,28.61000238,-80.59859084,NaN,NaN,NaN
4643.796397,448.1934918,0.870593377,28.61000238,-80.59860057,NaN,NaN,NaN
4559.749828,445.0782209,0.869447438,28.61000238,-80.5986103,NaN,NaN,NaN
4475.811838,441.9593048,0.868303657,28.61000237,-80.59862004,NaN,NaN,NaN
4391.982316,438.8443143,0.867161841,28.61000237,-80.59862976,NaN,NaN,NaN
4308.261075,435.751672,0.866022078,28.61000237,-80.59863942,NaN,NaN,NaN
4224.647813,432.6700087,0.864885089,28.61000236,-80.59864904,NaN,NaN,NaN
4141.142133,429.570792,0.863751127,28.61000236,-80.59865872,NaN,NaN,NaN
4057.743747,426.4279378,0.862619422,28.61000236,-80.59866853,NaN,NaN,NaN
3974.452137,423.2441035,0.861488367,28.61000236,-80.59867847,NaN,NaN,NaN
3891.266739,420.0887289,0.860356602,28.61000235,-80.59868832,NaN,NaN,NaN
3808.186998,416.9822306,0.859225324,28.61000235,-80.59869802,NaN,NaN,NaN
3725.212237,413.9086806,0.858096326,28.61000235,-80.59870762,NaN,NaN,NaN
3642.341877,410.8540992,0.856970667,28.61000234,-80.59871716,NaN,NaN,NaN
3559.575364,407.7792481,0.855848814,28.61000234,-80.59872676,NaN,NaN,NaN
3476.912109,404.686015,0.854729818,28.61000234,-80.59873642,NaN,NaN,NaN
3394.351537,401.5710072,0.853612886,28.61000233,-80.59874614,NaN,NaN,NaN
3311.893072,398.450573,0.852497184,28.61000233,-80.59875589,NaN,NaN,NaN
3229.53603,395.3562748,0.85138253,28.61000233,-80.59876555,NaN,NaN,NaN
3147.280211,392.2547487,0.850269866,28.61000233,-80.59877523,NaN,NaN,NaN
3065.125924,389.1351924,0.849158884,28.61000232,-80.59878497,NaN,NaN,NaN
2983.073574,385.988562,0.848048929,28.61000232,-80.5987948,NaN,NaN,NaN
2901.123409,382.79079,0.846939096,28.61000232,-80.59880478,NaN,NaN,NaN
2819.275324,379.5605881,0.845827724,28.61000231,-80.59881487,NaN,NaN,NaN
2737.52909,376.3314066,0.844713967,28.61000231,-80.59882495,NaN,NaN,NaN
2655.884495,373.1177975,0.843598235,28.61000231,-80.59883499,NaN,NaN,NaN
2574.341308,369.8930146,0.842481403,28.6100023,-80.59884505,NaN,NaN,NaN
2492.899164,366.646908,0.841363324,28.6100023,-80.59885519,NaN,NaN,NaN
2411.557649,363.3802727,0.840243513,28.6100023,-80.59886539,NaN,NaN,NaN
2330.316314,360.093744,0.839121558,28.6100023,-80.59887565,NaN,NaN,NaN
2249.174649,356.8213649,0.837997111,28.61000229,-80.59888587,NaN,NaN,NaN
2168.132267,353.5369422,0.836871049,28.61000229,-80.59889612,NaN,NaN,NaN
2087.188657,350.2094415,0.835743245,28.61000229,-80.59890651,NaN,NaN,NaN
2006.343166,346.8649941,0.8346125,28.61000228,-80.59891696,NaN,NaN,NaN
1925.595255,343.5058191,0.833478648,28.61000228,-80.59892745,NaN,NaN,NaN
1844.94447,340.1098973,0.832341619,28.61000228,-80.59893805,NaN,NaN,NaN
1764.390247,336.6794314,0.831200581,28.61000227,-80.59894876,NaN,NaN,NaN
1683.931981,333.2563329,0.830054863,28.61000227,-80.59895945,NaN,NaN,NaN
1603.569131,329.869435,0.828905323,28.61000227,-80.59897002,NaN,NaN,NaN
1523.301433,326.5231266,0.827753747,28.61000227,-80.59898047,NaN,NaN,NaN
1443.129106,323.1936629,0.826601901,28.61000226,-80.59899087,NaN,NaN,NaN
1363.05252,319.8448118,0.825450545,28.61000226,-80.59900132,NaN,NaN,NaN
1362.893763,319.8380818,0.825448261,28.61000226,-80.59900135,NaN,NaN,NaN
1362.737565,319.8313404,0.825446014,28.61000226,-80.59900137,NaN,NaN,NaN
1362.583842,319.8245882,0.825443803,28.61000226,-80.59900139,NaN,NaN,NaN
1362.432516,319.8178258,0.825441626,28.61000226,-80.59900141,NaN,NaN,NaN
1362.283511,319.8110538,0.825439482,28.61000226,-80.59900143,NaN,NaN,NaN
1362.136757,319.8042727,0.825437371,28.61000226,-80.59900145,NaN,NaN,NaN
1361.992183,319.7974829,0.825435292,28.61000226,-80.59900147,NaN,NaN,NaN
1361.849727,319.790685,0.825433242,28.61000226,-80.59900149,NaN,NaN,NaN
1361.709324,319.7838794,0.825431223,28.61000226,-80.59900151,NaN,NaN,NaN
1361.570915,319.7770666,0.825429231,28.61000226,-80.59900154,NaN,NaN,NaN
1361.434443,319.7702468,0.825427268,28.61000226,-80.59900156,NaN,NaN,NaN
1361.299853,319.7634207,0.825425332,28.61000226,-80.59900158,NaN,NaN,NaN
1361.167093,319.7565884,0.825423422,28.61000226,-80.5990016,NaN,NaN,NaN
1361.036112,319.7497504,0.825421538,28.61000226,-80.59900162,NaN,NaN,NaN
1360.906863,319.7429071,0.825419679,28.61000226,-80.59900164,NaN,NaN,NaN
1360.779299,319.7360588,0.825417843,28.61000226,-80.59900166,NaN,NaN,NaN
1360.653375,319.7292057,0.825416032,28.61000226,-80.59900169,NaN,NaN,NaN
1360.529049,319.7223483,0.825414243,28.61000226,-80.59900171,NaN,NaN,NaN
1360.40628,319.7154867,0.825412477,28.61000226,-80.59900173,NaN,NaN,NaN
1360.285028,319.7086214,0.825410733,28.61000226,-80.59900175,NaN,NaN,NaN
1360.165255,319.7017525,0.825409009,28.61000226,-80.59900177,NaN,NaN,NaN
1360.046924,319.6948804,0.825407307,28.61000226,-80.59900179,NaN,NaN,NaN
1359.93,319.6880052,0.825405625,28.61000226,-80.59900181,NaN,NaN,NaN
1359.81445,319.6811273,0.825403962,28.61000226,-80.59900184,NaN,NaN,NaN
1359.70024,319.6742469,0.825402319,28.61000226,-80.59900186,NaN,NaN,NaN
1359.587338,319.6673642,0.825400695,28.61000226,-80.59900188,NaN,NaN,NaN
1359.475715,319.6604795,0.825399089,28.61000226,-80.5990019,NaN,NaN,NaN
1359.36534,319.6535928,0.825397501,28.61000226,-80.59900192,NaN,NaN,NaN
1359.256186,319.6467046,0.82539593,28.61000226,-80.59900194,NaN,NaN,NaN
1359.148223,319.6398149,0.825394377,28.61000226,-80.59900196,NaN,NaN,NaN
1359.041427,319.6329239,0.82539284,28.61000226,-80.59900199,NaN,NaN,NaN
1358.935772,319.6260319,0.82539132,28.61000226,-80.59900201,NaN,NaN,NaN
1358.831231,319.619139,0.825389816,28.61000226,-80.59900203,NaN,NaN,NaN
1358.727782,319.6122454,0.825388327,28.61000226,-80.59900205,NaN,NaN,NaN
1358.625401,319.6053512,0.825386854,28.61000226,-80.59900207,NaN,NaN,NaN
1358.524065,319.5984567,0.825385396,28.61000226,-80.59900209,NaN,NaN,NaN
1358.423752,319.5915616,0.825383952,28.61000226,-80.59900211,NaN,NaN,NaN
1358.324442,319.5846661,0.825382523,28.61000226,-80.59900214,NaN,NaN,NaN
1358.226113,319.57777,0.825381108,28.61000226,-80.59900216,NaN,NaN,NaN
1358.128747,319.5708733,0.825379707,28.61000226,-80.59900218,NaN,NaN,NaN
1358.032322,319.5639761,0.825378319,28.61000226,-80.5990022,NaN,NaN,NaN
1357.936821,319.5570782,0.825376945,28.61000226,-80.59900222,NaN,NaN,NaN
1357.842226,319.5501796,0.825375584,28.61000226,-80.59900224,NaN,NaN,NaN
1357.748518,319.5432803,0.825374235,28.61000226,-80.59900227,NaN,NaN,NaN
1357.655681,319.5363802,0.825372899,28.61000226,-80.59900229,NaN,NaN,NaN
1357.563697,319.5294794,0.825371575,28.61000226,-80.59900231,NaN,NaN,NaN
1357.472552,319.5225778,0.825370264,28.61000226,-80.59900233,NaN,NaN,NaN
1357.382228,319.5156753,0.825368964,28.61000226,-80.59900235,NaN,NaN,NaN
1357.29271,319.508772,0.825367675,28.61000226,-80.59900237,NaN,NaN,NaN
1357.203984,319.5018677,0.825366398,28.61000226,-80.59900239,NaN,NaN,NaN
1357.116036,319.4949626,0.825365133,28.61000226,-80.59900242,NaN,NaN,NaN
1357.02885,319.4880565,0.825363878,28.61000226,-80.59900244,NaN,NaN,NaN
1356.942414,319.4811494,0.825362634,28.61000226,-80.59900246,NaN,NaN,NaN
1356.856713,319.4742414,0.8253614,28.61000226,-80.59900248,NaN,NaN,NaN
1356.771736,319.4673323,0.825360177,28.61000226,-80.5990025,NaN,NaN,NaN
1356.687468,319.4604221,0.825358964,28.61000226,-80.59900252,NaN,NaN,NaN
1356.603898,319.4535109,0.825357761,28.61000226,-80.59900255,NaN,NaN,NaN
1356.521015,319.4465987,0.825356568,28.61000226,-80.59900257,NaN,NaN,NaN
1356.438805,319.4396852,0.825355385,28.61000226,-80.59900259,NaN,NaN,NaN
1356.357258,319.4327707,0.825354211,28.61000226,-80.59900261,NaN,NaN,NaN
1356.276362,319.425855,0.825353047,28.61000226,-80.59900263,NaN,NaN,NaN
1356.196107,319.4189381,0.825351891,28.61000226,-80.59900265,NaN,NaN,NaN
1356.116482,319.41202,0.825350745,28.61000226,-80.59900268,NaN,NaN,NaN
1356.037477,319.4051007,0.825349608,28.61000226,-80.5990027,NaN,NaN,NaN
1355.959081,319.3981802,0.825348479,28.61000226,-80.59900272,NaN,NaN,NaN
1355.881285,319.3912584,0.825347359,28.61000226,-80.59900274,NaN,NaN,NaN
1355.804078,319.3843354,0.825346248,28.61000226,-80.59900276,NaN,NaN,NaN
1355.727453,319.377411,0.825345144,28.61000226,-80.59900278,NaN,NaN,NaN
1355.651399,319.3704853,0.825344049,28.61000226,-80.59900281,NaN,NaN,NaN
1355.575907,319.3635584,0.825342963,28.61000226,-80.59900283,NaN,NaN,NaN
1355.500969,319.35663,0.825341884,28.61000226,-80.59900285,NaN,NaN,NaN
1355.426577,319.3497003,0.825340813,28.61000226,-80.59900287,NaN,NaN,NaN
1355.352721,319.3427693,0.825339749,28.61000226,-80.59900289,NaN,NaN,NaN
1355.279394,319.3358368,0.825338693,28.61000226,-80.59900291,NaN,NaN,NaN
1355.206587,319.3289029,0.825337645,28.61000226,-80.59900294,NaN,NaN,NaN
1355.134293,319.3219676,0.825336604,28.61000226,-80.59900296,NaN,NaN,NaN
1355.062505,319.3150309,0.82533557,28.61000226,-80.59900298,NaN,NaN,NaN
1354.991214,319.3080927,0.825334544,28.61000226,-80.599003,NaN,NaN,NaN
1354.920413,319.3011531,0.825333524,28.61000226,-80.59900302,NaN,NaN,NaN
1354.850096,319.294212,0.825332512,28.61000226,-80.59900304,NaN,NaN,NaN
1354.780255,319.2872694,0.825331506,28.61000226,-80.59900307,NaN,NaN,NaN
1354.710883,319.2803253,0.825330507,28.61000226,-80.59900309,NaN,NaN,NaN
1354.641973,319.2733796,0.825329514,28.61000226,-80.59900311,NaN,NaN,NaN
1354.57352,319.2664325,0.825328529,28.61000226,-80.59900313,NaN,NaN,NaN
1354.505517,319.2594838,0.825327549,28.61000226,-80.59900315,NaN,NaN,NaN
1354.437956,319.2525335,0.825326576,28.61000226,-80.59900317,NaN,NaN,NaN
1354.370833,319.2455818,0.825325609,28.61000226,-80.5990032,NaN,NaN,NaN
1354.304141,319.2386286,0.825324649,28.61000226,-80.59900322,NaN,NaN,NaN
1354.237874,319.231674,0.825323694,28.61000226,-80.59900324,NaN,NaN,NaN
1354.172026,319.224718,0.825322746,28.61000226,-80.59900326,NaN,NaN,NaN
1354.106592,319.2177607,0.825321803,28.61000226,-80.59900328,NaN,NaN,NaN
1354.041566,319.2108021,0.825320867,28.61000226,-80.5990033,NaN,NaN,NaN
1353.976943,319.2038422,0.825319936,28.61000226,-80.59900333,NaN,NaN,NaN
1353.912716,319.1968812,0.825319011,28.61000226,-80.59900335,NaN,NaN,NaN
1353.848882,319.189919,0.825318091,28.61000226,-80.59900337,NaN,NaN,NaN
1353.785435,319.1829556,0.825317177,28.61000226,-80.59900339,NaN,NaN,NaN
1353.722369,319.1759912,0.825316269,28.61000226,-80.59900341,NaN,NaN,NaN
1353.65968,319.1690256,0.825315365,28.61000226,-80.59900343,NaN,NaN,NaN
1353.597363,319.1620591,0.825314468,28.61000226,-80.59900346,NaN,NaN,NaN
1353.535413,319.1550916,0.825313575,28.61000226,-80.59900348,NaN,NaN,NaN
1353.473825,319.1481231,0.825312688,28.61000226,-80.5990035,NaN,NaN,NaN
1353.412595,319.1411537,0.825311806,28.61000226,-80.59900352,NaN,NaN,NaN
1353.351719,319.1341834,0.825310928,28.61000226,-80.59900354,NaN,NaN,NaN
1353.291191,319.1272122,0.825310056,28.61000226,-80.59900356,NaN,NaN,NaN
1353.231008,319.1202402,0.825309189,28.61000226,-80.59900359,NaN,NaN,NaN
1353.171165,319.1132674,0.825308327,28.61000226,-80.59900361,NaN,NaN,NaN
1353.111659,319.1062938,0.825307469,28.61000226,-80.59900363,NaN,NaN,NaN
1353.052484,319.0993195,0.825306616,28.61000226,-80.59900365,NaN,NaN,NaN
1352.993637,319.0923445,0.825305768,28.61000226,-80.59900367,NaN,NaN,NaN
1352.935114,319.0853689,0.825304925,28.61000226,-80.5990037,NaN,NaN,NaN
1352.876911,319.0783925,0.825304086,28.61000226,-80.59900372,NaN,NaN,NaN
1352.819024,319.0714156,0.825303252,28.61000226,-80.59900374,NaN,NaN,NaN
1352.761449,319.064438,0.825302422,28.61000226,-80.59900376,NaN,NaN,NaN
1352.704183,319.0574599,0.825301597,28.61000226,-80.59900378,NaN,NaN,NaN
1352.647223,319.0504813,0.825300776,28.61000226,-80.5990038,NaN,NaN,NaN
1352.590563,319.0435021,0.825299959,28.61000226,-80.59900383,NaN,NaN,NaN
1352.534202,319.0365224,0.825299147,28.61000226,-80.59900385,NaN,NaN,NaN
1352.478135,319.0295423,0.825298338,28.61000226,-80.59900387,NaN,NaN,NaN
1352.422359,319.0225617,0.825297534,28.61000226,-80.59900389,NaN,NaN,NaN
1352.366871,319.0155808,0.825296735,28.61000226,-80.59900391,NaN,NaN,NaN
1352.31137,319.0085618,0.825295934,28.61000226,-80.59900394,NaN,NaN,NaN
1352.255231,319.0014248,0.825295125,28.61000226,-80.59900396,NaN,NaN,NaN
1352.198446,318.9941675,0.825294306,28.61000226,-80.59900398,NaN,NaN,NaN
1352.141002,318.9867867,0.825293478,28.61000226,-80.599004,NaN,NaN,NaN
1352.082883,318.9792788,0.82529264,28.61000226,-80.59900403,NaN,NaN,NaN
1352.024072,318.9716402,0.825291792,28.61000226,-80.59900405,NaN,NaN,NaN
1351.964554,318.9638671,0.825290934,28.61000226,-80.59900407,NaN,NaN,NaN
1351.904311,318.9559555,0.825290065,28.61000226,-80.5990041,NaN,NaN,NaN
1351.843326,318.9479014,0.825289186,28.61000226,-80.59900412,NaN,NaN,NaN
1351.781579,318.9397005,0.825288296,28.61000226,-80.59900415,NaN,NaN,NaN
1351.719053,318.9313482,0.825287394,28.61000226,-80.59900418,NaN,NaN,NaN
1351.655727,318.9228401,0.825286481,28.61000226,-80.5990042,NaN,NaN,NaN
1351.59158,318.9141712,0.825285555,28.61000226,-80.59900423,NaN,NaN,NaN
1351.526591,318.9053364,0.825284618,28.61000226,-80.59900426,NaN,NaN,NaN
1351.460737,318.8963304,0.825283668,28.61000226,-80.59900429,NaN,NaN,NaN
1351.393996,318.8871476,0.825282706,28.61000226,-80.59900431,NaN,NaN,NaN
1351.326344,318.8777824,0.82528173,28.61000226,-80.59900434,NaN,NaN,NaN
1351.257756,318.8682286,0.82528074,28.61000226,-80.59900437,NaN,NaN,NaN
1351.188207,318.8584798,0.825279737,28.61000226,-80.5990044,NaN,NaN,NaN
1351.117667,318.8485295,0.825278719,28.61000226,-80.59900443,NaN,NaN,NaN
1351.046111,318.8383706,0.825277687,28.61000226,-80.59900447,NaN,NaN,NaN
1350.973507,318.8279959,0.825276639,28.61000226,-80.5990045,NaN,NaN,NaN
1350.899826,318.8173975,0.825275576,28.61000226,-80.59900453,NaN,NaN,NaN
1350.825035,318.8065674,0.825274497,28.61000226,-80.59900457,NaN,NaN,NaN
1350.7491,318.7954972,0.825273401,28.61000226,-80.5990046,NaN,NaN,NaN
1350.671987,318.7841778,0.825272288,28.61000226,-80.59900464,NaN,NaN,NaN
1350.593658,318.7726,0.825271158,28.61000226,-80.59900467,NaN,NaN,NaN
1350.514075,318.7607537,0.825270009,28.61000226,-80.59900471,NaN,NaN,NaN
1350.433197,318.7486286,0.825268842,28.61000226,-80.59900475,NaN,NaN,NaN
1350.350983,318.7362136,0.825267655,28.61000226,-80.59900479,NaN,NaN,NaN
1350.267387,318.7234971,0.825266448,28.61000226,-80.59900483,NaN,NaN,NaN
1350.182363,318.7104668,0.825265221,28.61000226,-80.59900487,NaN,NaN,NaN
1350.095862,318.6971096,0.825263972,28.61000226,-80.59900491,NaN,NaN,NaN
1350.007832,318.6834119,0.825262701,28.61000226,-80.59900495,NaN,NaN,NaN
1349.918219,318.6693591,0.825261407,28.61000226,-80.59900499,NaN,NaN,NaN
1349.826964,318.6549356,0.825260089,28.61000226,-80.59900504,NaN,NaN,NaN
1349.734009,318.640125,0.825258747,28.61000226,-80.59900509,NaN,NaN,NaN
1349.639289,318.6249099,0.825257379,28.61000226,-80.59900513,NaN,NaN,NaN
1349.542736,318.6092717,0.825255984,28.61000226,-80.59900518,NaN,NaN,NaN
1349.444279,318.5931906,0.825254562,28.61000226,-80.59900523,NaN,NaN,NaN
1349.343842,318.5766454,0.825253111,28.61000226,-80.59900528,NaN,NaN,NaN
1349.241345,318.5596138,0.82525163,28.61000226,-80.59900534,NaN,NaN,NaN
1349.136704,318.5420718,0.825250118,28.61000226,-80.59900539,NaN,NaN,NaN
1349.029839,318.523995,0.825248573,28.61000226,-80.59900545,NaN,NaN,NaN
1348.920642,318.5053535,0.825246995,28.61000226,-80.59900551,NaN,NaN,NaN
1348.80901,318.4861171,0.825245381,28.61000226,-80.59900557,NaN,NaN,NaN
1348.694833,318.4662535,0.825243731,28.61000226,-80.59900563,NaN,NaN,NaN
1348.577995,318.4457276,0.825242042,28.61000226,-80.59900569,NaN,NaN,NaN
1348.45837,318.4245017,0.825240312,28.61000226,-80.59900576,NaN,NaN,NaN
1348.335823,318.4025351,0.82523854,28.61000226,-80.59900583,NaN,NaN,NaN
1348.210211,318.3797835,0.825236723,28.61000226,-80.5990059,NaN,NaN,NaN
1348.081378,318.3561991,0.825234859,28.61000226,-80.59900597,NaN,NaN,NaN
1347.949157,318.3317295,0.825232946,28.61000226,-80.59900605,NaN,NaN,NaN
1347.813368,318.3063182,0.825230981,28.61000226,-80.59900613,NaN,NaN,NaN
1347.673817,318.2799029,0.825228962,28.61000226,-80.59900621,NaN,NaN,NaN
1347.530291,318.2524159,0.825226884,28.61000226,-80.5990063,NaN,NaN,NaN
1347.382563,318.2237827,0.825224746,28.61000226,-80.59900639,NaN,NaN,NaN
1347.230381,318.1939215,0.825222542,28.61000226,-80.59900648,NaN,NaN,NaN
1347.073529,318.1627543,0.82522027,28.61000226,-80.59900658,NaN,NaN,NaN
1346.911718,318.1301867,0.825217926,28.61000226,-80.59900668,NaN,NaN,NaN
1346.744562,318.0961007,0.825215504,28.61000226,-80.59900678,NaN,NaN,NaN
1346.571703,318.0603794,0.825212999,28.61000226,-80.5990069,NaN,NaN,NaN
1346.392746,318.0228925,0.825210405,28.61000226,-80.59900701,NaN,NaN,NaN
1346.207254,317.9834948,0.825207715,28.61000226,-80.59900714,NaN,NaN,NaN
1346.014742,317.9420241,0.825204922,28.61000226,-80.59900727,NaN,NaN,NaN
1345.814667,317.8982986,0.825202019,28.61000226,-80.5990074,NaN,NaN,NaN
1345.606424,317.8521133,0.825198997,28.61000226,-80.59900755,NaN,NaN,NaN
1345.389211,317.8032068,0.825195843,28.61000226,-80.5990077,NaN,NaN,NaN
1345.163021,317.7514779,0.825192557,28.61000226,-80.59900786,NaN,NaN,NaN
1344.926331,317.6964578,0.825189118,28.61000226,-80.59900803,NaN,NaN,NaN
1344.678184,317.6377809,0.82518551,28.61000226,-80.59900822,NaN,NaN,NaN
1344.41744,317.5750105,0.825181718,28.61000226,-80.59900841,NaN,NaN,NaN
1344.142785,317.5076339,0.825177721,28.61000226,-80.59900862,NaN,NaN,NaN
1343.852525,317.435003,0.825173495,28.61000226,-80.59900885,NaN,NaN,NaN
1343.544721,317.3563703,0.82516901,28.61000226,-80.59900909,NaN,NaN,NaN
1343.217601,317.2709893,0.825164241,28.61000226,-80.59900936,NaN,NaN,NaN
1342.868623,317.177852,0.825159149,28.61000226,-80.59900965,NaN,NaN,NaN
1342.494759,317.0757383,0.825153688,28.61000226,-80.59900997,NaN,NaN,NaN
1342.094737,316.9638627,0.825147839,28.61000226,-80.59901032,NaN,NaN,NaN
1341.662483,316.8400549,0.825141511,28.61000226,-80.59901071,NaN,NaN,NaN
1341.19172,316.7019509,0.82513461,28.61000226,-80.59901114,NaN,NaN,NaN
1340.676252,316.547088,0.825127041,28.61000226,-80.59901162,NaN,NaN,NaN
1340.106197,316.371783,0.825118657,28.61000226,-80.59901217,NaN,NaN,NaN
1339.465245,316.1701237,0.825109212,28.61000226,-80.5990128,NaN,NaN,NaN
1338.737742,315.9359854,0.82509847,28.61000226,-80.59901353,NaN,NaN,NaN
1337.91227,315.6639592,0.825086258,28.61000226,-80.59901438,NaN,NaN,NaN
1336.938866,315.3347628,0.825071828,28.61000226,-80.59901541,NaN,NaN,NaN
1335.765205,314.9275319,0.825054394,28.61000226,-80.59901668,NaN,NaN,NaN
1334.288441,314.4036314,0.825032416,28.61000226,-80.59901831,NaN,NaN,NaN
1332.380206,313.7121834,0.825003991,28.61000226,-80.59902047,NaN,NaN,NaN
1329.575558,312.6753477,0.824962248,28.61000226,-80.59902371,NaN,NaN,NaN
1324.938339,310.9467946,0.82489354,28.61000226,-80.59902911,NaN,NaN,NaN
1316.103427,307.6077025,0.824764882,28.61000226,-80.59903953,NaN,NaN,NaN
1307.271461,304.1529382,0.824636616,28.61000226,-80.59905032,NaN,NaN,NaN
1299.748212,301.4429615,0.824524262,28.61000226,-80.59905878,NaN,NaN,NaN
1293.77251,299.4796704,0.824438863,28.61000226,-80.59906491,NaN,NaN,NaN
1284.956804,296.1616809,0.824322736,28.61000226,-80.59907527,NaN,NaN,NaN
1279.838019,294.1474641,0.824252394,28.61000226,-80.59908156,NaN,NaN,NaN
1272.19681,291.3837475,0.82414241,28.61000226,-80.59909019,NaN,NaN,NaN
1263.368654,288.2516849,0.824019281,28.61000226,-80.59909997,NaN,NaN,NaN
1254.543959,285.0223694,0.82389884,28.61000226,-80.59911005,NaN,NaN,NaN
1245.721293,281.5548485,0.823775267,28.61000226,-80.59912088,NaN,NaN,NaN
1236.905383,278.1815257,0.823643187,28.61000225,-80.59913141,NaN,NaN,NaN
1228.086571,274.8889184,0.823513585,28.61000225,-80.59914169,NaN,NaN,NaN
1219.265766,271.515681,0.823386997,28.61000225,-80.59915223,NaN,NaN,NaN
1210.4482,268.0749577,0.823257917,28.61000225,-80.59916297,NaN,NaN,NaN
1201.629275,264.486942,0.823126233,28.61000225,-80.59917417,NaN,NaN,NaN
1192.815819,261.1014385,0.82298926,28.61000225,-80.59918474,NaN,NaN,NaN
1184.001457,258.0262379,0.822858863,28.61000225,-80.59919434,NaN,NaN,NaN
1175.187231,254.9247189,0.822739881,28.61000225,-80.59920403,NaN,NaN,NaN
1166.374042,251.7527918,0.822621022,28.61000225,-80.59921393,NaN,NaN,NaN
1157.562654,248.4952939,0.82249974,28.61000225,-80.5992241,NaN,NaN,NaN
1148.753589,245.2206682,0.822375281,28.61000225,-80.59923433,NaN,NaN,NaN
1139.942106,242.1219724,0.822249908,28.61000225,-80.599244,NaN,NaN,NaN
1131.133694,239.1645965,0.822130642,28.61000225,-80.59925324,NaN,NaN,NaN
1122.328691,236.1256899,0.822016889,28.61000225,-80.59926273,NaN,NaN,NaN
1113.521897,232.8751765,0.821900753,28.61000225,-80.59927288,NaN,NaN,NaN
1104.714668,229.5776369,0.821777015,28.61000225,-80.59928317,NaN,NaN,NaN
1095.912784,226.4198657,0.821651035,28.61000225,-80.59929303,NaN,NaN,NaN
1087.108715,223.3818197,0.821529701,28.61000225,-80.59930252,NaN,NaN,NaN
1078.30836,220.4590051,0.821413008,28.61000225,-80.59931164,NaN,NaN,NaN
1069.50773,217.6046433,0.821300739,28.61000225,-80.59932056,NaN,NaN,NaN
1060.707727,214.5718753,0.821191253,28.61000225,-80.59933003,NaN,NaN,NaN
1051.916356,211.1913494,0.821075891,28.61000225,-80.59934058,NaN,NaN,NaN
1043.121812,207.713347,0.820947823,28.61000225,-80.59935144,NaN,NaN,NaN
1034.324144,204.3675459,0.820815213,28.61000225,-80.59936189,NaN,NaN,NaN
1025.528708,200.9330637,0.820686857,28.61000225,-80.59937261,NaN,NaN,NaN
1016.73354,197.4581228,0.820555775,28.61000225,-80.59938346,NaN,NaN,NaN
1007.945928,194.2333564,0.820423157,28.61000225,-80.59939353,NaN,NaN,NaN
999.1554492,191.3385677,0.820299088,28.61000225,-80.59940257,NaN,NaN,NaN
990.363463,188.597828,0.820187257,28.61000225,-80.59941113,NaN,NaN,NaN
981.5749486,185.7948473,0.820081918,28.61000225,-80.59941988,NaN,NaN,NaN
972.7854013,182.8993374,0.819974948,28.61000225,-80.59942892,NaN,NaN,NaN
963.9973637,180.051212,0.819864626,28.61000225,-80.59943781,NaN,NaN,NaN
955.2102077,177.2594676,0.819755679,28.61000225,-80.59944653,NaN,NaN,NaN
946.4251765,174.5793353,0.819648844,28.61000225,-80.5994549,NaN,NaN,NaN
937.6438975,171.8153318,0.819546132,28.61000225,-80.59946353,NaN,NaN,NaN
928.8633079,168.7390956,0.819440849,28.61000225,-80.59947313,NaN,NaN,NaN
920.0860518,165.311795,0.819324486,28.61000224,-80.59948383,NaN,NaN,NaN
911.3088176,161.8398604,0.819194911,28.61000224,-80.59949468,NaN,NaN,NaN
902.5318178,158.6987164,0.819062667,28.61000224,-80.59950448,NaN,NaN,NaN
895.6766627,156.1557867,0.818967155,28.61000224,-80.59951242,NaN,NaN,NaN
889.7531757,153.8255837,0.818884338,28.61000224,-80.5995197,NaN,NaN,NaN
880.9802485,150.6528517,0.818756086,28.61000224,-80.59952961,NaN,NaN,NaN
872.2063038,147.7857053,0.818634435,28.61000224,-80.59953856,NaN,NaN,NaN
863.4311456,144.9526282,0.818523993,28.61000224,-80.5995474,NaN,NaN,NaN
854.6624829,141.8471975,0.818415782,28.61000224,-80.5995571,NaN,NaN,NaN
845.891222,138.650315,0.818298209,28.61000224,-80.59956708,NaN,NaN,NaN
837.1243829,135.7624826,0.818176719,28.61000224,-80.5995761,NaN,NaN,NaN
828.7466094,132.988494,0.818070306,28.61000224,-80.59958476,NaN,NaN,NaN
820.6181972,130.2656982,0.817967844,28.61000224,-80.59959326,NaN,NaN,NaN
811.8540489,127.6913769,0.817856565,28.61000224,-80.5996013,NaN,NaN,NaN
803.0906223,125.1211195,0.817757373,28.61000224,-80.59960932,NaN,NaN,NaN
794.3265175,122.2537241,0.817659327,28.61000224,-80.59961828,NaN,NaN,NaN
785.5726171,118.9612434,0.817551123,28.61000224,-80.59962856,NaN,NaN,NaN
780.0187245,116.8156542,0.817475044,28.61000224,-80.59963526,NaN,NaN,NaN
773.7721244,114.5493507,0.817386033,28.61000224,-80.59964233,NaN,NaN,NaN
765.0092468,111.3833478,0.817263782,28.61000224,-80.59965222,NaN,NaN,NaN
756.2507333,108.099637,0.81714308,28.61000224,-80.59966247,NaN,NaN,NaN
747.4922381,104.7868942,0.817018392,28.61000224,-80.59967282,NaN,NaN,NaN
738.7339885,101.5082646,0.816892362,28.61000224,-80.59968305,NaN,NaN,NaN
729.9761643,98.19325147,0.816767418,28.61000224,-80.5996934,NaN,NaN,NaN
721.2191898,94.92170274,0.816641306,28.61000224,-80.59970362,NaN,NaN,NaN
712.4643007,91.73760187,0.816516643,28.61000224,-80.59971356,NaN,NaN,NaN
703.7121101,88.50524031,0.81639519,28.61000224,-80.59972365,NaN,NaN,NaN
694.9587174,85.13381433,0.816272297,28.61000224,-80.59973418,NaN,NaN,NaN
686.2103078,81.94840552,0.816144504,28.61000224,-80.59974413,NaN,NaN,NaN
677.4644988,78.75517483,0.816022833,28.61000224,-80.5997541,NaN,NaN,NaN
668.7145094,75.41302362,0.815901328,28.61000224,-80.59976453,NaN,NaN,NaN
659.9688232,71.94934633,0.815774704,28.61000224,-80.59977535,NaN,NaN,NaN
651.2213411,68.31653399,0.815643385,28.61000224,-80.59978669,NaN,NaN,NaN
642.4798939,64.90122175,0.815505876,28.61000224,-80.59979735,NaN,NaN,NaN
633.7378993,61.56528613,0.815375434,28.61000223,-80.59980777,NaN,NaN,NaN
624.9931908,58.01223304,0.815248291,28.61000223,-80.59981886,NaN,NaN,NaN
616.2574454,54.62174753,0.815113977,28.61000223,-80.59982945,NaN,NaN,NaN
607.5173592,51.59374587,0.814984684,28.61000223,-80.5998389,NaN,NaN,NaN
598.7785244,48.83680055,0.814868476,28.61000223,-80.59984751,NaN,NaN,NaN
590.0399422,46.13199052,0.814762803,28.61000223,-80.59985596,NaN,NaN,NaN
581.3010935,43.260672,0.814659793,28.61000223,-80.59986492,NaN,NaN,NaN
572.5637221,40.37305879,0.814551206,28.61000223,-80.59987394,NaN,NaN,NaN
563.8401322,37.20789178,0.814441774,28.61000223,-80.59988382,NaN,NaN,NaN
557.6619119,34.85379909,0.814359713,28.61000223,-80.59989117,NaN,NaN,NaN
548.9280377,31.79753344,0.814237695,28.61000223,-80.59990072,NaN,NaN,NaN
540.1981988,28.65237764,0.814121213,28.61000223,-80.59991054,NaN,NaN,NaN
531.466208,25.2819672,0.81400204,28.61000223,-80.59992106,NaN,NaN,NaN
522.7340516,21.89063225,0.813874788,28.61000223,-80.59993165,NaN,NaN,NaN
514.0066864,18.67466582,0.813746221,28.61000223,-80.59994169,NaN,NaN,NaN
505.2824425,15.40657354,0.813623714,28.61000223,-80.59995189,NaN,NaN,NaN
496.5559058,11.83779734,0.813499837,28.61000223,-80.59996304,NaN,NaN,NaN
487.8333149,8.376997392,0.813365414,28.61000223,-80.59997384,NaN,NaN,NaN
479.1096933,5.01391049,0.813233892,28.61000223,-80.59998434,NaN,NaN,NaN
470.385103,1.646952672,0.813105994,28.61000223,-80.59999486,NaN,NaN,NaN
461.6619215,-1.623784036,0.812978277,28.61000223,-80.60000507,NaN,NaN,NaN
452.9483406,-5.186442039,0.81285407,28.61000223,-80.60001619,NaN,NaN,NaN
445.5902965,-8.294839766,0.812742111,28.61000223,-80.6000259,NaN,NaN,NaN
436.8700732,-11.90690778,0.812604677,28.61000223,-80.60003718,NaN,NaN,NaN
428.15301,-15.48910046,0.812467742,28.61000223,-80.60004836,NaN,NaN,NaN
419.4343448,-18.8937534,0.81233186,28.61000223,-80.60005899,NaN,NaN,NaN
410.7175584,-22.18026466,0.81220229,28.61000223,-80.60006926,NaN,NaN,NaN
402.0011567,-25.44031894,0.812077345,28.61000223,-80.60007943,NaN,NaN,NaN
393.2859007,-28.7663399,0.811953705,28.61000223,-80.60008982,NaN,NaN,NaN
384.5722522,-32.03450116,0.811827884,28.61000223,-80.60010002,NaN,NaN,NaN
375.8607311,-35.1111694,0.811703942,28.61000222,-80.60010963,NaN,NaN,NaN
367.1513434,-38.22412514,0.811586861,28.61000222,-80.60011935,NaN,NaN,NaN
358.4408262,-41.52361118,0.811469032,28.61000222,-80.60012965,NaN,NaN,NaN
349.7305893,-44.87509408,0.811344637,28.61000222,-80.60014012,NaN,NaN,NaN
341.0231147,-48.33665037,0.811217951,28.61000222,-80.60015093,NaN,NaN,NaN
332.3157232,-51.95308075,0.811087242,28.61000222,-80.60016222,NaN,NaN,NaN
323.6151686,-55.40600379,0.810950918,28.61000222,-80.600173,NaN,NaN,NaN
314.9105772,-58.6015219,0.810819794,28.61000222,-80.60018298,NaN,NaN,NaN
306.2107343,-61.96976034,0.810698128,28.61000222,-80.60019349,NaN,NaN,NaN
297.5091747,-65.48762251,0.810571145,28.61000222,-80.60020448,NaN,NaN,NaN
288.8068597,-68.84868415,0.810438528,28.61000222,-80.60021497,NaN,NaN,NaN
280.1069301,-72.07220778,0.810310978,28.61000222,-80.60022504,NaN,NaN,NaN
271.4090032,-75.09480749,0.810188638,28.61000222,-80.60023447,NaN,NaN,NaN
262.7120093,-77.87426748,0.810073734,28.61000222,-80.60024315,NaN,NaN,NaN
254.0136422,-80.64281918,0.809967858,28.61000222,-80.6002518,NaN,NaN,NaN
245.323726,-83.70432762,0.809863171,28.61000222,-80.60026136,NaN,NaN,NaN
236.6301927,-86.85549562,0.809748291,28.61000222,-80.6002712,NaN,NaN,NaN
227.9360828,-89.81089979,0.809629499,28.61000222,-80.60028042,NaN,NaN,NaN
219.2425719,-92.75070501,0.809517252,28.61000222,-80.6002896,NaN,NaN,NaN
210.5516604,-95.85206114,0.809406084,28.61000222,-80.60029929,NaN,NaN,NaN
201.8652548,-99.26725551,0.809289411,28.61000222,-80.60030995,NaN,NaN,NaN
194.5875343,-102.0955895,0.809183109,28.61000222,-80.60031878,NaN,NaN,NaN
185.8992888,-105.2795132,0.809056895,28.61000222,-80.60032872,NaN,NaN,NaN
177.2136907,-108.6875878,0.808936203,28.61000222,-80.60033936,NaN,NaN,NaN
168.527753,-112.3116937,0.808808101,28.61000222,-80.60035068,NaN,NaN,NaN
159.8404633,-115.9823166,0.808671889,28.61000222,-80.60036214,NaN,NaN,NaN
151.1560526,-119.6570556,0.808533475,28.61000222,-80.60037361,NaN,NaN,NaN
142.4747276,-123.5028976,0.808394801,28.61000222,-80.60038562,NaN,NaN,NaN
133.7943144,-127.4064233,0.808250143,28.61000221,-80.60039781,NaN,NaN,NaN
125.1115745,-131.195474,0.80810299,28.61000221,-80.60040964,NaN,NaN,NaN
116.4371823,-134.7623523,0.807959786,28.61000221,-80.60042078,NaN,NaN,NaN
107.7578069,-138.1448951,0.80782454,28.61000221,-80.60043134,NaN,NaN,NaN
99.07870615,-141.5555891,0.807696331,28.61000221,-80.60044199,NaN,NaN,NaN
90.40397276,-144.8104334,0.807567732,28.61000221,-80.60045215,NaN,NaN,NaN
81.72906817,-148.0281684,0.80744454,28.61000221,-80.6004622,NaN,NaN,NaN
73.05366235,-151.3238334,0.807323037,28.61000221,-80.60047249,NaN,NaN,NaN
64.37924452,-154.5492715,0.807198953,28.61000221,-80.60048256,NaN,NaN,NaN
55.70706338,-157.6384357,0.807077161,28.61000221,-80.60049221,NaN,NaN,NaN
47.03589026,-160.5327386,0.806960309,28.61000221,-80.60050124,NaN,NaN,NaN
38.36795814,-163.4974794,0.806850667,28.61000221,-80.6005105,NaN,NaN,NaN
29.70024318,-166.7566495,0.806739097,28.61000221,-80.60052068,NaN,NaN,NaN
21.03186656,-170.0593462,0.806617096,28.61000221,-80.60053099,NaN,NaN,NaN
12.36424557,-173.3262601,0.806492818,28.61000221,-80.60054119,NaN,NaN,NaN
3.698116711,-176.5499327,0.806369642,28.61000221,-80.60055126,NaN,NaN,NaN
0,-177.9054311,0.806316986,28.61000221,-80.60055549,NaN,NaN,NaN
